Kind,MissingResource,ModelCount,Models
bitmap,##0x7f6bfe28!bod,1,pmd0_bicepl185
bitmap,01,8,a_cav_non_combat b_cav_non_combat vos_boltgun wbwxl_m_025 wbwxl_m_026 wswgs_m_105 wswls_m_105 wswls_m_106
bitmap,02,12,jz_lightwallbi01 jz_lightwallbi02 jz_lightwallbi03 jz_polelight01 jz_polelight02 jz_polelight03 jz_polelightbi01 jz_polelightbi02 jz_polelightbi03 jz_polelightxl01 jz_polelightxl02 jz_polelightxl03
bitmap,07,1,jz_font_01
bitmap,2,1,jedi_anim
bitmap,_jz_tractorp01,1,jz_tractor02
bitmap,a_beholderer,1,a_beholder
bitmap,ad_wd_black,1,wplss_t_111
bitmap,all_fly_xwing,1,jswp_ywingb
bitmap,alpha_0,1,plc_mf144
bitmap,alpha_1,1,plc_mf135
bitmap,alpha_2,1,plc_mf136
bitmap,alpha_3,1,plc_mf137
bitmap,alpha_4,1,plc_mf138
bitmap,alpha_5,1,plc_mf139
bitmap,alpha_6,1,plc_mf140
bitmap,alpha_7,1,plc_mf141
bitmap,alpha_8,1,plc_mf142
bitmap,alpha_9,1,plc_mf143
bitmap,alpha_a,1,plc_mf80
bitmap,alpha_and,1,plc_mf145
bitmap,alpha_asterisk,1,plc_mf146
bitmap,alpha_at,1,plc_mf147
bitmap,alpha_b,1,plc_mf81
bitmap,alpha_c,1,plc_mf82
bitmap,alpha_comma,1,plc_mf148
bitmap,alpha_d,1,plc_mf83
bitmap,alpha_dbldot,1,plc_mf149
bitmap,alpha_dot,1,plc_mf150
bitmap,alpha_dotcomma,1,plc_mf151
bitmap,alpha_e,1,plc_mf84
bitmap,alpha_equal,1,plc_mf152
bitmap,alpha_excl,1,plc_mf153
bitmap,alpha_f,1,plc_mf85
bitmap,alpha_g,1,plc_mf86
bitmap,alpha_grthan,1,plc_mf154
bitmap,alpha_h,1,plc_mf87
bitmap,alpha_i,1,plc_mf88
bitmap,alpha_j,1,plc_mf89
bitmap,alpha_k,1,plc_mf90
bitmap,alpha_l,1,plc_mf91
bitmap,alpha_lbracket,1,plc_mf155
bitmap,alpha_lessthan,1,plc_mf156
bitmap,alpha_m,1,plc_mf92
bitmap,alpha_minus,1,plc_mf157
bitmap,alpha_n,1,plc_mf93
bitmap,alpha_o,1,plc_mf94
bitmap,alpha_p,1,plc_mf95
bitmap,alpha_percent,1,plc_mf158
bitmap,alpha_plus,1,plc_mf159
bitmap,alpha_q,1,plc_mf96
bitmap,alpha_qst,1,plc_mf160
bitmap,alpha_r,1,plc_mf97
bitmap,alpha_rbracket,1,plc_mf161
bitmap,alpha_s,1,plc_mf98
bitmap,alpha_slashback,1,plc_mf162
bitmap,alpha_slashforw,1,plc_mf163
bitmap,alpha_t,1,plc_mf99
bitmap,alpha_u,1,plc_mf100
bitmap,alpha_v,1,plc_mf101
bitmap,alpha_w,1,plc_mf102
bitmap,alpha_x,1,plc_mf103
bitmap,alpha_y,1,plc_mf104
bitmap,alpha_z,1,plc_mf105
bitmap,anakin2saber2,3,wswglsbr_b_041 wswglsbr_b_061 wswlsbr_b_061
bitmap,awingsmcover,1,awingsm
bitmap,awingsmgun,1,awingsm
bitmap,belt_g,4,a_ba a_ba_int a_fa a_fa_int
bitmap,black_raw,4,wsf01_v86_07 wsf01_v86_08 wsf10_l11_01 wsf10_u02_04x
bitmap,blueglass,4,plc_xwing plc_xwingsm xwing xwingsm
bitmap,bm_stonewall,1,wsf_a90_01
bitmap,bmblack1,1,wsf08_w83_01x
bitmap,box06,1,wbwsl_m_071
bitmap,bw_landing_pad_l,1,c_fl_aastbase
bitmap,c_barract.008,1,c_barrac
bitmap,c_bwfightert.009,1,c_bwfighter
bitmap,c_croc,1,c_croc_ba
bitmap,c_croc_head,1,c_croc_ba
bitmap,c_qbalrog,1,c_qbalrog
bitmap,c_qbalrog_main,1,c_qbalrog
bitmap,c_qbalrog_misc,1,c_qbalrog
bitmap,c_qbalrog_wing,1,c_qbalrog
bitmap,c_rep_zenithh,1,c_rep_zenith
bitmap,c_starfliert.009,1,c_starflier
bitmap,c_trollocl_hair,2,c_trolloclion1 c_trollocwolf1
bitmap,c_warm,6,a_cav a_cav_casts a_cav_med_weap b_cav b_cav_casts b_cav_med_weap
bitmap,cherrylth,1,jukebox
bitmap,cl1_g,2,a_fa a_fa_int
bitmap,cl2_g,2,a_fa a_fa_int
bitmap,cl3_g,2,a_fa a_fa_int
bitmap,cl4_g,2,a_fa a_fa_int
bitmap,cloak_g,2,a_fa a_fa_int
bitmap,cm1_g,2,a_fa a_fa_int
bitmap,cm2_g,2,a_fa a_fa_int
bitmap,cm3_g,2,a_fa a_fa_int
bitmap,cm4_g,2,a_fa a_fa_int
bitmap,cm_beholder,1,qc_tigerdire
bitmap,cm_bugbear_a1,1,c_bgbra_psm
bitmap,cr1_g,2,a_fa a_fa_int
bitmap,cr2_g,2,a_fa a_fa_int
bitmap,cr3_g,2,a_fa a_fa_int
bitmap,cr4_g,2,a_fa a_fa_int
bitmap,cru_corv_light,1,c_man_crus
bitmap,ctpskyda_006,1,ctpskyda_006
bitmap,cylinder02,1,wbwsl_m_071
bitmap,d_swflag02,2,aswtor_110 swc_flag_17
bitmap,dep_tigersharkra,1,wswrp_t_029
bitmap,derriphan_l,1,c_derriphan
bitmap,dgmetal,1,wbwxh_m_083
bitmap,dla_horse4_3,2,c_horse5 c_horse5aa
bitmap,dla_horse5ab11,1,c_horse5c1
bitmap,doorframe_sml,1,dgt05_s13_01
bitmap,dye,2,dye_001 dye_002
bitmap,ebon_hawk_l,1,c_ebonhawk
bitmap,efreet,1,c_firebat
bitmap,endor,3,shp_globe77 shp_globe78 shp_globe79
bitmap,eye,1,c_n_dragonfly
bitmap,ffdtex0,1,c_redbat
bitmap,firefly_gaspump1,1,firefly_gaspump
bitmap,foot,8,pfd0_footl054 pfd0_footr054 pfe0_footl054 pfe0_footr054 pfh0_footl054 pfh0_footr054 pfo0_footl054 pfo0_footr054
bitmap,foray_corvette_l,1,c_foray
bitmap,frn_all_painting,44,swc_billboard10 swc_billboard11 swc_billboard12 swc_billboard13 swc_billboard14 swc_billboard15 swc_billboard5 swc_billboard6 swc_billboard7 swc_billboard8 swc_billboard9 swc_painting20 swc_painting21 swc_painting22 swc_painting23 swc_painting24 swc_painting25 swc_painting26 swc_painting27 swc_painting28 swc_painting29 swc_painting30 swc_painting31 swc_painting32 swc_painting33 swc_painting34 swc_painting35 swc_painting36 swc_painting37 swc_painting38 swc_painting39 swc_painting40 swc_painting41 swc_painting42 swc_painting43 swc_painting44 swc_painting45 swc_painting46 swc_painting47 swc_painting48 swc_painting49 swc_painting50 swc_painting51 swc_painting85
bitmap,gate,1,smp_gate
bitmap,gold1_tex,1,vim_magweapon
bitmap,gravel,1,wsf_a89_01
bitmap,grndcrack,1,prc_earthquake
bitmap,hammerhead_l,1,c_hammerhead
bitmap,hand2,24,pfd0_handl013 pfd0_handl255 pfd0_handr013 pfe0_handl013 pfe0_handl255 pfe0_handr013 pfh0_handl013 pfh0_handl255 pfh0_handr013 pfo0_handl013 pfo0_handl255 pfo0_handr013 pmd0_handl013 pmd0_handl255 pmd0_handr013 pme0_handl013 pme0_handl255 pme0_handr013 pmh0_handl013 pmh0_handl255 pmh0_handr013 pmo0_handl013 pmo0_handl255 pmo0_handr013
bitmap,handle_tex,1,vim_magweapon
bitmap,head_g,4,a_ba a_ba_int a_fa a_fa_int
bitmap,helm_0_he_f16795,1,helm_001
bitmap,hoth,3,shp_globe74 shp_globe75 shp_globe76
bitmap,hp_brontous_bod,1,hp_brontous
bitmap,hp_brontous_hed,1,hp_brontous
bitmap,hqm_flr_04x04-a_,1,wsf10_l11_01
bitmap,hyx_frogeye,1,hyx_toad
bitmap,ins_all_glass_bl,1,swc_mine_chem1
bitmap,jz_metalmat02,1,jz_oscar01
bitmap,jz_texture36,2,jz_hvrsld01 jz_hvrsld02
bitmap,kdhand,1,pmh0_handr046
bitmap,kuot_hd,1,c_kuotoaa1
bitmap,ladle,4,wmkbs_b_016 wmkbs_b_062 wmkbs_m_062 wmkbs_t_062
bitmap,lbicep_g,5,a_ba a_ba_int a_fa a_fa_int a_fa_int_coat
bitmap,lens,2,wbwsl_113 wbwxl_m_141
bitmap,lfoot_g,5,a_ba a_ba_int a_fa a_fa_int a_fa_int_coat
bitmap,lforearm_g,5,a_ba a_ba_int a_fa a_fa_int a_fa_int_coat
bitmap,lhand_g,5,a_ba a_ba_int a_fa a_fa_int a_fa_int_coat
bitmap,light_neb,1,c_nebula
bitmap,lmi_lite01,1,pkt_m09x08
bitmap,ls_flr_04x04-a_r,1,wsf10_l11_01
bitmap,ls_flr_04x04-h_r,1,wsf10_l11_01
bitmap,ls_wal_04x04-a_r,1,wsf10_l11_01
bitmap,ls_wal_trim-01_r,1,wsf10_l11_01
bitmap,lshin_g,5,a_ba a_ba_int a_fa a_fa_int a_fa_int_coat
bitmap,lshoulder_g,4,a_ba a_ba_int a_fa a_fa_int
bitmap,lthigh_g,5,a_ba a_ba_int a_fa a_fa_int a_fa_int_coat
bitmap,mancruis_l,1,c_mandocruiser
bitmap,material,10,a_ba_dnc a_ba_med_weap a_ba_non_combat a_ba_non_combat2 freighter freightersm pfo0_forel018 pfo0_forer018 plc_freighter speed_ba
bitmap,material.007,1,wbwxl_m_203
bitmap,material.069,1,pmh0_belt121
bitmap,material.070,1,pmh0_belt121
bitmap,material.076,4,pmd0_shor002 pme0_shor002 pmh0_shor002 pmo0_shor002
bitmap,material.254,1,pmh0_torso017
bitmap,material.291,1,pmh0_handr011
bitmap,material.292,1,pmh0_handr011
bitmap,material.639,4,pmd0_forer018 pme0_forer018 pmh0_forer018 pmo0_forer018
bitmap,material.641,4,pmd0_forel018 pme0_forel018 pmh0_forel018 pmo0_forel018
bitmap,material.655,3,pfd0_forer018 pfe0_forer018 pfh0_forer018
bitmap,material.657,3,pfd0_forel018 pfe0_forel018 pfh0_forel018
bitmap,matériau,1,mousedroid
bitmap,medusae_biceps,1,c_medusa_b_animd
bitmap,medusae_chest,1,c_medusa_b_animd
bitmap,medusae_forearms,1,c_medusa_b_animd
bitmap,medusae_hands,1,c_medusa_b_animd
bitmap,medusae_head,1,c_medusa_b_animd
bitmap,medusae_neck,1,c_medusa_b_animd
bitmap,medusae_tail,4,c_medusa_b_anima c_medusa_b_animb c_medusa_b_animc c_medusa_b_animd
bitmap,mesh157,2,zcn01_c44_01 zcn01_c44_07
bitmap,mesh64,1,zcn01_c43_01
bitmap,metal-ring_02,4,wsf01_l09_03 wsf01_l29_03 wsf13_l09_03 wsf18_l09_03
bitmap,mg-silencer,1,wbwxh_m_022
bitmap,mmc01_black,1,cor01_b01_01
bitmap,models/weapons2/,4,pfd0_shor255 pfe0_shor255 pfh0_shor255 pfo0_shor255
bitmap,mountain,7,wsf07_z01_01 wsf_a47_01 wsf_a88_01 wsf_a89_01 wsf_a90_01 wsf_a92_01 wsf_a93_01
bitmap,mountain2,4,wsf07_z02_01 wsf07_z03_01 wsf07_z04_01 wsf19_a04_02
bitmap,mountain3,2,wsf_a92_01 wsf_a93_01
bitmap,mtl,4,dow01_a01_01 plc_sdcrwlr psi_psycrush zlc_mck_brock01
bitmap,neck_g,4,a_ba a_ba_int a_fa a_fa_int
bitmap,nowalk,6,wsf10_j04_01 wsf10_j04_02 wsf10_j24_01 wsf10_j24_02 wsf30_j04_01 wsf30_j04_02
bitmap,outriderexaust,3,freighter freightersm plc_freighter
bitmap,outriderhullbump,3,freighter freightersm plc_freighter
bitmap,pelvis_g,6,a_fa a_fa_int a_fa_int_coat pfev_robe172 pfhv_robe172 pfov_robe172
bitmap,pfe0_shinl209,1,pfe0_shinl209
bitmap,pfh0_neck299,1,pfh0_neck299
bitmap,pfh0_neck300,1,pfh0_neck300
bitmap,pfh0_neck300.001,1,pfh0_neck299
bitmap,pfh0_pelvis1117,2,pfe0_pelvis162 pfo0_pelvis162
bitmap,pfh0_robe211,1,pfh0_robe211
bitmap,pfh0_robe212,1,pfh0_robe212
bitmap,pfh0_robe213,1,pfh0_robe213
bitmap,pfh0_sholl185,1,pfh0_sholl185
bitmap,pfh22_robe211,1,pfh22_robe211
bitmap,pfh22_robe212,1,pfh22_robe212
bitmap,pfh22_robe213,1,pfh22_robe213
bitmap,pfo0_shinr075,1,pfo0_shinr200
bitmap,phod_swbase2,1,phod_swbase
bitmap,plc_spdrwin01,2,plc_swpbike1 tail_swoopbike
bitmap,plc_swpengin,1,plc_hvrslede
bitmap,pmd0_neck299,1,pmd0_neck299
bitmap,pmd0_neck300,1,pmd0_neck300
bitmap,pme0_footl209,1,pme0_footl209
bitmap,pme0_footr209,1,pme0_footr209
bitmap,pme0_forer209,1,pme0_forer209
bitmap,pme0_handr209,1,pme0_handr209
bitmap,pme0_legr209,1,pme0_legr209
bitmap,pme0_shinr209,1,pme0_shinr209
bitmap,pmh0_bicepr277.0,3,pfd0_bicepl270 pfe0_bicepl270 pfh0_bicepl270
bitmap,pmh0_head001g,15,a_ba_dnc a_ba_non_combat a_ba_non_combat2 a_cav a_pr_non_combat a_zombi_m1 a_zombi_m2 b_ba b_ba_non_combat b_cav c_frogman1 c_frogman2 c_medusa_b_animb powersuit speed_ba
bitmap,pmh0_neck299,1,pmh0_neck299
bitmap,pmh0_neck300,1,pmh0_neck300
bitmap,pmo0_bicepl003,1,pmo0_bicepl003
bitmap,pmo0_bicepr003,1,pmo0_bicepr003
bitmap,pmo0_footl003,1,pmo0_footl003
bitmap,pmo0_footr003,1,pmo0_footr003
bitmap,pmo0_forel003,1,pmo0_forel003
bitmap,pmo0_forer003,1,pmo0_forer003
bitmap,pmo0_legl003,1,pmo0_legl003
bitmap,pmo0_legr003,1,pmo0_legr003
bitmap,pmo0_neck299,1,pmo0_neck299
bitmap,pmo0_neck300,1,pmo0_neck300
bitmap,pmo0_pelvis003,1,pmo0_pelvis003
bitmap,pmo0_shinl001,1,pmo0_shinl003
bitmap,pmo0_shinr003,1,pmo0_shinr003
bitmap,purple,4,pcs02 wclfr_m_021 wclfr_m_061 wclfr_m_071
bitmap,push1cyl,1,mod01_o01_06
bitmap,pxiwjngeonarch-0,1,wsf10_l11_01
bitmap,pxizgass-brick-0,1,wsf10_l11_01
bitmap,pygar_depot_insi,1,c_fl_pstat
bitmap,pygar_door_guard,1,c_fl_pstat
bitmap,pygar_hand_rail_,1,c_fl_pstat
bitmap,pygar_landing_pa,1,c_fl_pstat
bitmap,pygar_metal_deck,1,c_fl_pstat
bitmap,qc_drganim_bod,1,qc_drganim
bitmap,qc_drganim_hed,1,qc_drganim
bitmap,qc_drganim_wing,1,qc_drganim
bitmap,qc_werew_gray,1,qc_werebase
bitmap,qc_werew_torso,1,qc_werebase
bitmap,rbicep_g,5,a_ba a_ba_int a_fa a_fa_int a_fa_int_coat
bitmap,replace_tex,1,mb012_c08_01
bitmap,rfoot_g,5,a_ba a_ba_int a_fa a_fa_int a_fa_int_coat
bitmap,rforearm_g,5,a_ba a_ba_int a_fa a_fa_int a_fa_int_coat
bitmap,rhand_g,5,a_ba a_ba_int a_fa a_fa_int a_fa_int_coat
bitmap,road_2d,4,wsf10_l01_25 wsf10_l11_01 wsf10_l21_25 wsf30_l01_25
bitmap,rollingpin,1,wblcl_m_111
bitmap,rootdummy,8,a_pr_non_combat c_decap_npc c_kenku c_kenku_c c_medusa_b_anima c_medusa_b_animb jedi_anim zcp_banshee
bitmap,rshin_g,5,a_ba a_ba_int a_fa a_fa_int a_fa_int_coat
bitmap,rshoulder_g,4,a_ba a_ba_int a_fa a_fa_int
bitmap,rsw,6,vos_scifigun27 wbwsh_m_221 wbwsh_m_222 wbwsh_m_251 wbwsh_m_252 wbwsl_123
bitmap,rthigh_g,5,a_ba a_ba_int a_fa a_fa_int a_fa_int_coat
bitmap,rune_a,1,plc_mf106
bitmap,rune_b,1,plc_mf107
bitmap,rune_c,1,plc_mf108
bitmap,rune_d,1,plc_mf109
bitmap,rune_e,1,plc_mf110
bitmap,rune_ea,1,plc_mf130
bitmap,rune_ee,1,plc_mf131
bitmap,rune_f,1,plc_mf111
bitmap,rune_g,1,plc_mf112
bitmap,rune_h,1,plc_mf113
bitmap,rune_i,1,plc_mf114
bitmap,rune_j,1,plc_mf115
bitmap,rune_k,1,plc_mf116
bitmap,rune_l,1,plc_mf117
bitmap,rune_m,1,plc_mf118
bitmap,rune_n,1,plc_mf119
bitmap,rune_ng,1,plc_mf132
bitmap,rune_o,1,plc_mf120
bitmap,rune_p,1,plc_mf121
bitmap,rune_r,1,plc_mf122
bitmap,rune_s,1,plc_mf123
bitmap,rune_st,1,plc_mf133
bitmap,rune_t,1,plc_mf124
bitmap,rune_th,1,plc_mf134
bitmap,rune_uv,1,plc_mf125
bitmap,rune_w,1,plc_mf126
bitmap,rune_x,1,plc_mf127
bitmap,rune_y,1,plc_mf128
bitmap,rune_z,1,plc_mf129
bitmap,runes01,1,wswgs_t_061
bitmap,sfwm_wd01,1,wsf10_l11_01
bitmap,sith_fighter_l,1,c_sithfighter
bitmap,soff_lens,4,wbwsl_m_211 wbwsl_m_212 wbwxh_m_074 wbwxl_m_072
bitmap,sol_frig,1,c_nebula
bitmap,speeder2,2,tail_speederbike tail_swoopbike
bitmap,sprmagb,1,wbwxh_m_151
bitmap,standard_1,1,jz_recpdesk01
bitmap,standard_2,1,jz_recpdesk01
bitmap,standard_3,1,jz_recpdesk01
bitmap,standardmaterial,3,tmx_door_01 vmr_gdoor01 vmr_gdoor02
bitmap,strt_lamp_glass,1,mdrn_street_lamp
bitmap,swp_tree,1,plc_wrmc2
bitmap,tdm01_gold,3,zin01_b14_01 zin01_b14_02 zin01_b14_03
bitmap,tdr1_wallplain,1,wsf_a90_01
bitmap,tfb01_biobk,2,tfb01_b01_01 tfb01_b02_02
bitmap,tfb01_floortran1,8,tfb01_b06_01 tfb01_b06_02 tfb01_b07_01 tfb01_b08_01 tfb01_b08_02 tfb01_b09_02 tfb01_c15_01 tfb01_c16_01
bitmap,tfb01_hrdwdnc,27,tfb01_b01_01 tfb01_b01_02 tfb01_b01_03 tfb01_b02_01 tfb01_b02_02 tfb01_b02_03 tfb01_b03_01 tfb01_b03_02 tfb01_b04_01 tfb01_b04_02 tfb01_b06_01 tfb01_b06_02 tfb01_b07_01 tfb01_b08_01 tfb01_b08_02 tfb01_b09_02 tfb01_b13_02 tfb01_b13_03 tfb01_b15_02 tfb01_b16_02 tfb01_c01_01 tfb01_c03_01 tfb01_c04_01 tfb01_c06_01 tfb01_c07_01 tfb01_c15_01 tfb01_c16_01
bitmap,tfb01_rinn,1,tfb01_h18_01
bitmap,tfb01_rshp,1,tfb01_l18_01
bitmap,tfb01_wood_light,1,tfb01_b01_03
bitmap,thed_lights_b_ae,1,swc_lt_nab01
bitmap,thf01_wood01,1,thf02_z03_01
bitmap,tid01_pipe,1,tid01_d09_01
bitmap,tme_glass01,1,pcl_ssign
bitmap,tme_metal01,2,pcl_ssign plc_slight
bitmap,tme_stone01,1,plc_slight
bitmap,tmss1_water01,3,wsf10_k01_01 wsf_a92_01 wsf_a93_01
bitmap,torso_g,5,a_ba a_ba_int a_fa a_fa_int a_fa_int_coat
bitmap,tqq01_biobk,2,tqq01_b01_01 tqq01_b02_02
bitmap,tqq01_floortran1,8,tqq01_b06_01 tqq01_b06_02 tqq01_b07_01 tqq01_b08_01 tqq01_b08_02 tqq01_b09_02 tqq01_c15_01 tqq01_c16_01
bitmap,tqq01_hrdwdnc,27,tqq01_b01_01 tqq01_b01_02 tqq01_b01_03 tqq01_b02_01 tqq01_b02_02 tqq01_b02_03 tqq01_b03_01 tqq01_b03_02 tqq01_b04_01 tqq01_b04_02 tqq01_b06_01 tqq01_b06_02 tqq01_b07_01 tqq01_b08_01 tqq01_b08_02 tqq01_b09_02 tqq01_b13_02 tqq01_b13_03 tqq01_b15_02 tqq01_b16_02 tqq01_c01_01 tqq01_c03_01 tqq01_c04_01 tqq01_c06_01 tqq01_c07_01 tqq01_c15_01 tqq01_c16_01
bitmap,tqq01_rinn,1,tqq01_h18_01
bitmap,tqq01_rshp,1,tqq01_l18_01
bitmap,tqq01_wood_light,1,tqq01_b01_03
bitmap,transparent,2,cqhouse15 cqhouse16
bitmap,ttf01_black00,24,ztf01_b06_01 ztf01_b07_01 ztf01_b08_01 ztf01_b09_01 ztf01_b10_01 ztf01_b11_01 ztf01_c13_01 ztf01_c14_01 ztf01_c15_01 ztf01_c16_01 ztf01_d01_01 ztf01_d01_02 ztf01_d02_01 ztf01_d02_02 ztf01_d03_01 ztf01_d03_02 ztf01_d04_01 ztf01_d04_02 ztf01_d20_01 ztf01_g15_01 ztf01_k17_01 ztf01_z03_01 ztf01_z08_01 ztf01_z10_01
bitmap,tusk,1,c_elephant_mt
bitmap,tw010_black,12,wsf10_l01_25 wsf10_l01_29 wsf10_l01_30 wsf10_l01_32 wsf10_l01_33 wsf10_l21_25 wsf10_l21_29 wsf10_l21_30 wsf10_l31_29 wsf30_l01_25 wsf30_l21_29 wsf30_l21_30
bitmap,tw010_glas02,19,wsf10_l01_25 wsf10_l01_29 wsf10_l01_30 wsf10_l01_32 wsf10_l01_33 wsf10_l21_25 wsf10_l21_29 wsf10_l21_30 wsf10_l31_29 wsf14_j01_04 wsf14_j01_06 wsf14_j01_07 wsf14_j01_09 wsf14_j01_10 wsf14_j01_12 wsf14_j01_14 wsf30_l01_25 wsf30_l21_29 wsf30_l21_30
bitmap,tw010_mauer02,5,wsf10_l01_30 wsf10_l01_32 wsf10_l01_33 wsf10_l21_30 wsf30_l21_30
bitmap,tw010_mauer02d,5,wsf10_l01_30 wsf10_l01_32 wsf10_l01_33 wsf10_l21_30 wsf30_l21_30
bitmap,twl01_bog02,4,twl01_f00_01 twl01_f01_01 twl01_f01_02 twl01_f02_01
bitmap,tx_evilmetl02,2,pmd_hand01 pmd_hand02
bitmap,tzs01_floor1,1,zdc03_z20_01
bitmap,tzs01_grad_l,1,zdc03_z20_01
bitmap,tzs01_wall9f,1,zdc03_z20_01
bitmap,tzs01_wall9l,1,zdc03_z20_01
bitmap,utility_panels_0,6,c_fl_cvcs c_fl_hvlf c_fl_lgtr c_fl_mnsh c_fl_rpsh c_fl_smtr
bitmap,utility_screen_b,1,c_fl_hvlf
bitmap,utility_windows_,7,c_fl_cvcs c_fl_frtr c_fl_hvlf c_fl_lgtr c_fl_mnsh c_fl_prsh c_fl_smtr
bitmap,vmr01_chess02,1,vmr01_f05_04
bitmap,vmr01_dais02,1,vmr01_f05_04
bitmap,w_m51_tex01,1,wfaps_m_031
bitmap,w_m51_tex02,1,wfaps_m_031
bitmap,w_m51_tex03,1,wfaps_m_031
bitmap,w_pistol_tex,3,wfaps_b_011 wfaps_m_011 wfaps_t_011
bitmap,w_planet_gas_sil,1,plc_planet19
bitmap,wall_neb,1,c_nebula
bitmap,white,22,tpad_498 wdbma_t_051 wdbma_t_052 wdbma_t_053 wdbma_t_054 zlc_flr_uwalk_td zlc_flr_uwalk_th zlc_flr_uwalk_tq zlc_flr_uwalk_x1 zlc_flr_uwalk_xd zlc_flr_uwalk_xg zlc_flr_uwalk_xh zlc_flr_uwalk_xi zlc_flr_uwalk_xq zlc_flr_uwalk_xs zlc_flr_uwalk_xt zlc_wall_invis_l zlc_wall_invis_m zlc_wall_invis_s zlc_wall_invis_t zlc_wall_invis_x zlc_wall_invis_y
bitmap,whitehrse_tail,1,zcp_pegasus_l
bitmap,window_glass_2,7,wsf01_a01_07 wsf02_a01_07 wsf03_a01_07 wsf10_l01_28 wsf10_l01_31 wsf10_l21_28 wsf30_l01_28
bitmap,wm01_barkac,3,wsf10_l01_24 wsf10_l21_24 wsf30_l01_24
bitmap,wms01_1_wood,5,wsf04_e06_06 wsf04_e26_06 wsf04_e36_06 wsf11_n47_01 wsf11_n47_04
bitmap,wms01_2cliifeda2,1,wsf01_j01_01
bitmap,wooz_tex_48,8,sglass_01 sglass_02 sglass_03 sglass_04 sglass_05 sglass_06 sglass_07 sglass_08
bitmap,wsf01_leaf01,12,wsf01_l12_01 wsf01_l12_02 wsf13_l12_01 wsf13_l12_02 wsf18_l12_01 wsf18_l12_02 wsf21_l12_01 wsf21_l12_02 wsf23_l12_01 wsf23_l12_02 wsf33_l12_01 wsf33_l12_02
bitmap,wsf03_tent2,1,wsf03_s01_07
bitmap,wsf15_black,8,wsf10_z11_12 wsf10_z11_13 wsf10_z11_15 wsf10_z11_16 wsf10_z11_17 wsf15_j01_02 wsf15_j02_02 wsf41_d02_01
bitmap,wsf_cobbletrail0,1,wsf41_j01_01
bitmap,wut01_tiderck,1,wsf11_w24_05
bitmap,wut01_wood6,2,wsf11_p01_03 wsf11_p01_04
bitmap,wut01_wood7,2,wsf11_p01_05 wsf11_p01_06
bitmap,yuanti3_body1,1,c_liz_anims
bitmap,z_xplding_hands,1,c_decap_npc
bitmap,z_xplding_head,1,c_decap_npc
bitmap,zdm02_gold,4,zdm02_u01_01 zdm02_u02_01 zdm02_v01_01 zdm02_v02_01
bitmap,zdm03_gold,4,zdm03_u01_01 zdm03_u02_01 zdm03_v01_01 zdm03_v02_01
bitmap,zkw02_black,4,zkw01_a31_03 zkw01_a32_04 zkw01_a34_03 zkw01_a35_03
bitmap,zsf01_stonespdr,1,zsf01_a01_01
bitmap,ztall_sphere,1,ztf01_c36_01
emitter,birds,1,vco_canaries
emitter,c_balrog_lefteye,1,c_qbalrog
emitter,c_balrog_rghteye,1,c_qbalrog
emitter,db_w_lightshaft1,2,db_w_win_light db_w_win_light_n
emitter,fx_flare08,2,c_turret02 c_turret03
emitter,fx_spark,1,c_condrdl
emitter,fxpa_candle01,4,tfb01_b02_03 tfb01_c07_01 tqq01_b02_03 tqq01_c07_01
emitter,fxpa_cinder01,1,c_zombieash03
emitter,fxpa_cloud02,56,computer_station container01_plc container02_plc jz_jard01 jz_jard02 plx_tbskp rusted_tank t1doora4 zlc_03d zlc_04d zlc_05d zlc_06d zlc_18l zlc_a64 zlc_c93 zlc_cep zlc_d24 zlc_d49 zlc_f01 zlc_f02 zlc_f03 zlc_f04 zlc_f05 zlc_f06 zlc_f07 zlc_f08 zlc_fky_b37 zlc_fky_b38 zlc_fky_b42 zlc_fky_b43 zlc_fky_m96 zlc_g61 zlc_k21 zlc_k22 zlc_k25 zlc_l46 zlc_n01 zlc_n10 zlc_o20 zlc_o25 zlc_o26 zlc_o27 zlc_o30 zlc_o51 zlc_r10 zlc_r50 zlc_r68 zlc_r72 zlc_r78 zlc_r81 zlc_r83 zlc_r84 zlc_r85 zlc_r86 zlc_s86 zlc_x92
emitter,fxpa_feather,5,cplt_ex_penguin pack_penguin zcp_duck zcp_goose zcp_turkey
emitter,fxpa_magic029,1,vpr_fireball
emitter,lok_smoke44a,1,lok_d_blksmk
emitter,symbol_hope,1,vco_sp_symbl_hp
emitter,vortex_ripple,2,vco_vortex vid_vortex
lightmap,map__19_normal_b,1,vfx_marker
texture0,horns_zab1,1,pmh0_head266
texture0,stadtls1_128,1,c_spacefactory
texture0,stadtls2_128,2,c_commsat c_spacefactory
texture1,helm_037_n,1,helm_037
texture1,helm_187_n,1,helm_187
texture1,image,26,c_base_family c_basil c_chasemaster c_chs_longh c_chs_trirem c_cutlass c_furyf c_jed_cruci c_man_bruteps c_man_davaab c_man_kyra c_mando_teroch c_minery8 c_n_quarter c_neutral_yv929 c_rep_astrans c_rep_chela c_rep_gunship c_rep_inter c_rep_quarter c_sith_harrow c_sith_quarter c_trandotr c_xsfreig c_yz2500 c_zoomer
texture1,pfh0_chest271_n,4,pfd0_chest271 pfe0_chest271 pfh0_chest271 pfo0_chest271
texture1,pfh0_chest303_n,3,pfd0_chest303 pfe0_chest303 pfh0_chest303
texture1,pfh0_head252_n,2,pfh0_head252 pfh0_head253
texture1,pfh0_head254_n,1,pfh0_head254
texture1,pfh0_head255_n,1,pfh0_head255
texture1,pfh0_head256_n,1,pfh0_head256
texture1,pfh0_head259_n,1,pfh0_head259
texture1,pfh0_head260_n,1,pfh0_head260
texture1,pfh0_head261_n,1,pfh0_head261
texture1,pfh0_head270_n,1,pfh0_head270
texture1,pfh0_head271_n,1,pfh0_head271
texture1,pmh0_chest130_n,1,pmh0_chest130
texture1,pmh0_chest271_n,4,pmd0_chest271 pme0_chest271 pmh0_chest271 pmo0_chest271
texture1,pmh0_handl110_n,11,pma0_handl110 pma2_handl110 pmd2_handl110 pme0_handl110 pme2_handl110 pmg0_handl110 pmg2_handl110 pmh0_handl110 pmh2_handl110 pmo0_handl110 pmo2_handl110
texture1,pmh0_handr110_n,11,pma0_handr110 pma2_handr110 pmd2_handr110 pme0_handr110 pme2_handr110 pmg0_handr110 pmg2_handr110 pmh0_handr110 pmh2_handr110 pmo0_handr110 pmo2_handr110
texture1,pmh0_head284_n,1,pmh0_head284
texture1,pmh0_robe260_n,16,pfd0_robe260 pfd211 pfe0_robe260 pfe211 pfh0_robe260 pfh211 pfo0_robe260 pfo211 pmd0_robe260 pmd211 pme0_robe260 pme211 pmh0_robe260 pmh211 pmo0_robe260 pmo211
texture1,pmz0_bicepl223_n,2,pfz0_bicepl223 pmz0_bicepl223
texture1,pmz0_bicepl226_n,2,pfz0_bicepl226 pmz0_bicepl226
texture1,pmz0_bicepr223_n,2,pfz0_bicepr223 pmz0_bicepr223
texture1,pmz0_bicepr226_n,2,pfz0_bicepr226 pmz0_bicepr226
texture1,pmz0_chest225_n,2,pfz0_chest225 pmz0_chest225
texture1,pmz0_chest228_n,2,pfz0_chest228 pmz0_chest228
texture1,pmz0_footl019_n,2,pfz0_footl019 pmz0_footl019
texture1,pmz0_footl022_n,2,pfz0_footl022 pmz0_footl022
texture1,pmz0_footr019_n,2,pfz0_footr019 pmz0_footr019
texture1,pmz0_footr022_n,2,pfz0_footr022 pmz0_footr022
texture1,pmz0_forel224_n,2,pfz0_forel224 pmz0_forel224
texture1,pmz0_forel227_n,2,pfz0_forel227 pmz0_forel227
texture1,pmz0_forer224_n,2,pfz0_forer224 pmz0_forer224
texture1,pmz0_forer227_n,2,pfz0_forer227 pmz0_forer227
texture1,pmz0_handl223_n,2,pfz0_handl223 pmz0_handl223
texture1,pmz0_handl226_n,2,pfz0_handl226 pmz0_handl226
texture1,pmz0_handr223_n,2,pfz0_handr223 pmz0_handr223
texture1,pmz0_handr226_n,2,pfz0_handr226 pmz0_handr226
texture1,pmz0_head033_n,2,pfz0_head033 pmz0_head033
texture1,pmz0_head036_n,2,pfz0_head036 pmz0_head036
texture1,pmz0_legl019_n,2,pfz0_legl019 pmz0_legl019
texture1,pmz0_legl022_n,2,pfz0_legl022 pmz0_legl022
texture1,pmz0_legr019_n,2,pfz0_legr019 pmz0_legr019
texture1,pmz0_legr022_n,2,pfz0_legr022 pmz0_legr022
texture1,pmz0_pelvis019_n,2,pfz0_pelvis019 pmz0_pelvis019
texture1,pmz0_pelvis023_n,2,pfz0_pelvis023 pmz0_pelvis023
texture1,pmz0_shinl019_n,2,pfz0_shinl019 pmz0_shinl019
texture1,pmz0_shinl022_n,2,pfz0_shinl022 pmz0_shinl022
texture1,pmz0_shinr019_n,2,pfz0_shinr019 pmz0_shinr019
texture1,pmz0_shinr022_n,2,pfz0_shinr022 pmz0_shinr022
texture1,ttd01_barel_n,3,ttd01_o16_01 ttd01_p16_01 ttd_udoor_01
texture2,f_brahmin_s,8,pfd0_neck199 pfe0_neck199 pfh0_neck199 pfo0_neck199 pmd0_neck199 pme0_neck199 pmh0_neck199 pmo0_neck199
texture2,helm_037_s,1,helm_037
texture2,pfh0_chest271_s,4,pfd0_chest271 pfe0_chest271 pfh0_chest271 pfo0_chest271
texture2,pfh0_chest303_s,3,pfd0_chest303 pfe0_chest303 pfh0_chest303
texture2,pfh0_head252_s,2,pfh0_head252 pfh0_head253
texture2,pfh0_head254_s,1,pfh0_head254
texture2,pfh0_head255_s,1,pfh0_head255
texture2,pfh0_head256_s,1,pfh0_head256
texture2,pfh0_head260_s,1,pfh0_head260
texture2,pfh0_head261_s,1,pfh0_head261
texture2,pfh0_head270_s,1,pfh0_head270
texture2,pfh0_head271_s,1,pfh0_head271
texture2,pfh0_legl265_s,4,pfd0_legl265 pfe0_legl265 pfh0_legl265 pfo0_legl265
texture2,pfh0_legr265_s,4,pfd0_legr265 pfe0_legr265 pfh0_legr265 pfo0_legr265
texture2,pfh0_pelvis266_s,4,pfd0_pelvis266 pfe0_pelvis266 pfh0_pelvis266 pfo0_pelvis266
texture2,pmh0_chest271_s,4,pmd0_chest271 pme0_chest271 pmh0_chest271 pmo0_chest271
texture2,pmh0_handl110_s,11,pma0_handl110 pma2_handl110 pmd2_handl110 pme0_handl110 pme2_handl110 pmg0_handl110 pmg2_handl110 pmh0_handl110 pmh2_handl110 pmo0_handl110 pmo2_handl110
texture2,pmh0_handr110_s,11,pma0_handr110 pma2_handr110 pmd2_handr110 pme0_handr110 pme2_handr110 pmg0_handr110 pmg2_handr110 pmh0_handr110 pmh2_handr110 pmo0_handr110 pmo2_handr110
texture2,pmh0_head284_s,1,pmh0_head284
texture2,pmh0_head289_s,1,pmh0_head289
texture2,pmh0_legl265_s,4,pmd0_legl265 pme0_legl265 pmh0_legl265 pmo0_legl265
texture2,pmh0_legr265_s,4,pmd0_legr265 pme0_legr265 pmh0_legr265 pmo0_legr265
texture2,pmh0_pelvis266_s,4,pmd0_pelvis266 pme0_pelvis266 pmh0_pelvis266 pmo0_pelvis266
texture2,pmh0_robe260_s,16,pfd0_robe260 pfd211 pfe0_robe260 pfe211 pfh0_robe260 pfh211 pfo0_robe260 pfo211 pmd0_robe260 pmd211 pme0_robe260 pme211 pmh0_robe260 pmh211 pmo0_robe260 pmo211
texture2,pmz0_chest227_s,1,pmz0_chest227
texture2,ttd01_barel_s,3,ttd01_o16_01 ttd01_p16_01 ttd_udoor_01
texture3,pmz0_bicepl225_r,2,pfz0_bicepl225 pmz0_bicepl225
texture3,pmz0_bicepr225_r,2,pfz0_bicepr225 pmz0_bicepr225
texture3,pmz0_chest227_r,2,pfz0_chest227 pmz0_chest227
texture3,pmz0_footl021_r,2,pfz0_footl021 pmz0_footl021
texture3,pmz0_footr021_r,2,pfz0_footr021 pmz0_footr021
texture3,pmz0_forel226_r,2,pfz0_forel226 pmz0_forel226
texture3,pmz0_forer226_r,2,pfz0_forer226 pmz0_forer226
texture3,pmz0_handl225_r,2,pfz0_handl225 pmz0_handl225
texture3,pmz0_handr225_r,2,pfz0_handr225 pmz0_handr225
texture3,pmz0_legl021_r,2,pfz0_legl021 pmz0_legl021
texture3,pmz0_legr021_r,2,pfz0_legr021 pmz0_legr021
texture3,pmz0_pelvis022_r,1,pmz0_pelvis022
texture3,pmz0_shinl021_r,2,pfz0_shinl021 pmz0_shinl021
texture3,pmz0_shinr021_r,2,pfz0_shinr021 pmz0_shinr021
texture5,mira_head_i,1,pfh0_head270
