file,canonical,reason,original_sha256,corrected_sha256,canonical_sha256
po_40k_m17_m.tga,po_40k_m17_l.tga,image comparison and visual review,66f0427a3d361c190ff9b3c242fcfe8308e6d111077bb6db3e519c157d61f654,3abe6f121cc95956a8c08784a604235eedc5fbb36bb5186b8f2961917edb384d,6b202f4b5b82575da76c2181a88a7a574d3e228d5543715823e0680cf495ff34
po_aberr502_m.tga,po_aberr502_l.tga,image comparison and visual review,3cb9baa0ff1f54f89d287c8acbd5e8d4b674563fc748063ab04fc5d41eb57b50,205a9ed2b4ef65f080cb1a12500897b101259557314b03697180623416ef26b3,2211e13833244ad05de1a1ac69bac7307cc16add497427b7718837606ea08879
po_aberr503_m.tga,po_aberr503_l.tga,image comparison and visual review,15daaa1e959facbed34fc0c7439f2b80acf70cfb09ab956cd0a45ba38cb7a689,a3a149dcf1e8438fa602766dcb5fa6ee2bf6bbf27590903e4746840e1ecb615b,a290ff58867d3b7b701b7f8c9ccc00c07d8c90e0be382940fb8df6ba8610bcf0
po_bisonant_s.tga,po_bisonant_l.tga,different artwork; match canonical facing,60075371d9e6050dd8c59ef4d6c31b3a4c198a0e648ed25b74594048325f9588,9c502eaa15c6de34bd42e893e59a1eb7eee806b2c50d0147d667f883df450e8c,d8e106d00b8290d3ac2bd4283d1b5c0469322e1f867f2d9ab042ce64fb765a79
po_bisonant_t.tga,po_bisonant_l.tga,different artwork; match canonical facing,6215f062dfa470fbf13d53c773610ba6ad4f4db4b1184e31702c4d33c80c319e,065160793c1cffc33da06c59efe83b1220727cfe84832853d8ad665dbe2312f0,d8e106d00b8290d3ac2bd4283d1b5c0469322e1f867f2d9ab042ce64fb765a79
po_bladeling_m.tga,po_bladeling_l.tga,image comparison and visual review,dbfec379ebebe649148552dbfa8a47391e5ffc900e75118d76cd43425c598d94,bff743fd7cd4a6365cb00a42edb4f8030a9347d76e8e7a3445c715db61227e81,cdce0687b7109d0a6790f5ad797373234f1a9fd9d5bbdd07f172f4eecb5847c1
po_bladeling_s.tga,po_bladeling_l.tga,image comparison and visual review,adee82494bc8f3e3a7525e7d5de4ddcb6595eb22996f04137a495830d5f37fdc,d9b4f918ae6c45c63513dd89e323644b0bd7b5219be5e4ef403c053c00643dfc,cdce0687b7109d0a6790f5ad797373234f1a9fd9d5bbdd07f172f4eecb5847c1
po_cavegobsh_m.tga,po_cavegobsh_l.tga,image comparison and visual review,de5fabd00605954a7101d19703685884beae6e1041621d22a0f7b2391eeeeaac,5a92095417ca86ec3db0d304974274604898d8797c6701359b4a4fc87cd978a7,3c97e4f12e0016d9b76ca26d3367991accf417549ecd8a5fa11a99c0696dd671
po_cornugonb_m.tga,po_cornugonb_l.tga,image comparison and visual review,f715bff84a63ad03e160eb7ccd6c7a61a7ae3e1d96a360d449456d0b4752e5dd,0b433b241ffeaa81cce1c9d6f7643489796c53e8ecce4f202ef8ca6fdfa38073,2d4cb3417f70a8fed69569f2ab35d84d99d1f06d3290a1f9eb02b5015f3a0cd5
po_curtain01_m.tga,po_curtain01_l.tga,image comparison and visual review,ae9b96c788f9670489a94fe98f5d3a83bc0ebabb59b213f20aed2ca5e4e4d4f0,f722b88c3a57c55cf85f568ec5dfc3b07464a523d4e30de50d6460f5c009f5a4,87d49b713ddc2ca913b002fef66923194c3836c6f39d61c1d82d81172f405f54
po_curtain04_m.tga,po_curtain04_l.tga,image comparison and visual review,0337c5405738ca98c1e853ece234052094aeb1ec6378a6e0883aaee586de84a1,8f1720fd01a45ccd3d802a6dbbab2e20e20df7ede61ffb668adda697ceb52327,19bb103da19f78bc38983e47fa4d39f02d7d4794c0b77eaedb5c4e55b1b0419f
po_curtain08_m.tga,po_curtain08_l.tga,image comparison and visual review,67ccaaa1ff42f32cbf47b1a8d0ee2362d1d6692e1dcc934c26a6caf97a7f4f5f,1fb0890690a28a64a146a2eb0922dbd051f68c4a2ff62c99af38cf0826f6c3c2,ec8b06af2bb6a3e0124b4f1d53a773528cb151cb6b2f50d42c62a5852affb98b
po_curtain09_m.tga,po_curtain09_l.tga,image comparison and visual review,37e66b50e632b9e94c8ff2232a39fb4eb133902fc33c4237eb8d08fcddd5696b,a3c26619a06b4eb04acf1e80e9eda5001ed4fc2ac8b7e3c739f0309d032a844d,80eb3f0de366644f9d23d702a61afa1304376ce3bf96d734c32e43e9d8476f37
po_curtain10_m.tga,po_curtain10_l.tga,image comparison and visual review,4a9940049735d19630982bed491e8407c5d79039e1ce58701338a6ef110a152b,85ec71988c63f130050ac68e00bc5dd176a0076d876ace0ba315e9560a40d3d0,7585aa52b89b91017d61266f130fe87d957056ace1d05339d7659f3dc896d873
po_curtaino04_m.tga,po_curtaino04_l.tga,image comparison and visual review,ba85e48ac4aeb2e8781cd17aff7fcdb7421a496a873df6405fcf0f5f53fb0777,f486b395426316fbb08ff404949c88f0693b933f20ca4470f6702fd4a62b4687,ffb9031336884c2be489d5b4c26090b984c117f0a14c1709706b7e2fe23faf42
po_curtaino10_m.tga,po_curtaino10_l.tga,image comparison and visual review,c5d357e0cb60e1f2325f8268b463d9e4b93182af1efa18be5845c8b2f578ef89,b22df35b3ed6df5b90066d3798c7f915dd86e0bfaac44e9685c461df2d8581f3,e6505ec4d08a6bfd44530f03077df714e09d24fae229b82a11695cb8a8589ed6
po_dalm_m.tga,po_dalm_l.tga,image comparison and visual review,beb1acd34574428971d06e94702fc6f2148d2af10ca970eb9dada82d62ce31aa,69097deae222083cca77f84326719f99a7dac186ca77cf8dda8bd2902483d653,854ff7b018c256cd7a20be7c4fe6f0c7b0b7cef18d81cd5a0df0bdab15638880
po_dalm_s.tga,po_dalm_l.tga,image comparison and visual review,201fa9fedd74bac7a92503c9529ace814ff1b7e3b6f80c249f85d516108f196f,f8d7c843470b8626949c1b9df8ae4a45d0b950be7f71b76859febd79f174a485,854ff7b018c256cd7a20be7c4fe6f0c7b0b7cef18d81cd5a0df0bdab15638880
po_dbrlb4_s.tga,po_dbrlb4_m.tga,visual review of structural asymmetry,8af0c9900bdea7d223836748ad7c237c8ef86405f8ff90ced4190f0e8c35b323,c8fabca8ebc8cb7128f6e0aa4263539c139d9dfd4280ec343f93d9f60037e477,d6b4f3805203c946e913a637e1a419e5aadbd6ec3c9b783b78b63811bb5e8542
po_dbrlb4_t.tga,po_dbrlb4_m.tga,visual review of structural asymmetry,ea65d07a923c90daf304c8a45d01ed5a811471693d5ff7b2fe47fd2a20ef166d,329c0174a18e889f1a8493306a3cef7782781955f35bb02680d468c9aeb3f1a2,d6b4f3805203c946e913a637e1a419e5aadbd6ec3c9b783b78b63811bb5e8542
po_dchrb3_s.tga,po_dchrb3_m.tga,image comparison and visual review,51891654d38a8ca197fa86e988a1f47b1c7ff540368b0ed7af24d66144db6e85,e73178cd9845dfed700f9d56fbd207ce00a181ca6a2e80f50ba4960a7a472b52,38e70b73e20282bb0dc4d451ec33743b357d66a7d6d1b42abb450321a726f888
po_dchrb3_t.tga,po_dchrb3_m.tga,image comparison and visual review,b39b323083de461b7956b837a59876449bb1972f1f602d03ebd3a67e303d8cf6,ffb81059a606b7988b0170bdae70d4075e697393b21a81104a10b1da455a6e2c,38e70b73e20282bb0dc4d451ec33743b357d66a7d6d1b42abb450321a726f888
po_dcp01_s.tga,po_dcp01_m.tga,visual review of structural asymmetry,7a92dbb4a03dee71bdd51d33d15f0507ca9f463143717b06c22a8c343cabed3f,0b800764a81c537c125def5f2b36ba1a16f16062d99168e2ba69be4a484daeac,f6da682c23d4511e45dc09f28ea5df309bb94275606e6b68be1060913d194796
po_dcp02_s.tga,po_dcp02_m.tga,image comparison and visual review,59cee43075dc6bfbb8d57404162e320f1f73af5dbede11f81474ba14f5d39fe6,176b6e2575592990d57ae41b72515aeea4ea459280dc713cb0ab17a17cec376b,6f94b78b0372cfe1abcb8dfbd36fe9c46e50d6069f68719adfb87c8bd0ccdbe2
po_dcp03_s.tga,po_dcp03_m.tga,visual review of structural asymmetry,726597cfa99b4206a2cc82a9e1fd05e8e966863baf262ea8c6d2ea22479ca243,ceab0a2a90e03ef418b6841f816bfdb9c615d131334490937299c1f83c80d1de,c63e3200476b5d6d1e89a35679f4696ca41c4ba793f225472325626613068211
po_dcp03_t.tga,po_dcp03_m.tga,visual review of structural asymmetry,bf70114cc90d7c4f8db0b7af81c6c1d1b56aac7eade45018473d06264b1fb961,ddb3058d4780948f498b23d6c9c2db6651ba9b63ba6758d849cee84646a28ee0,c63e3200476b5d6d1e89a35679f4696ca41c4ba793f225472325626613068211
po_dcp04_s.tga,po_dcp04_m.tga,visual review of structural asymmetry,15d3e32f43fed77a3a30f8663f73d9eddd7162060ee7d66cf24d61db4308796a,898d93e6bf8ad57904a4e3a14bd87fe2248ce6fdee8f6f16cb2a452862da8072,2db35dc7412ade6c1e2c9b81e8b39edaeafe188d925c3ea14bed448687b78900
po_dcp04_t.tga,po_dcp04_m.tga,visual review of structural asymmetry,2103a625e4c242f36b82260fed97795096937139954a42520cbd5703c40c0f40,e5b5ea4ca33ee7f894da76ae334971f1f4d1cdb1a35277e3011e08e3526ee445,2db35dc7412ade6c1e2c9b81e8b39edaeafe188d925c3ea14bed448687b78900
po_dcp13_t.tga,po_dcp13_m.tga,image comparison and visual review,6eb6ddb189fd656adbf24bd4fd72f53f8137eb5a82287fd6e02d3cfc92141357,0bdcfdec59ec3310ffe11d044722f3bea43b6438400e5a75691bdefe38a1fea3,6c0343872cb6263e5a92c1fec617a8024f53d1d2ffc2a191b184df42b095318f
po_dcp14_t.tga,po_dcp14_m.tga,image comparison and visual review,43f766206c33244e3c48c485960d9de4ada25108a2fde7775ac7274c1ef387fb,13126522779491b521dd0937e66d4fb734ba598b3aaeee3086beec3fdda80119,f9b744371f62235c63ddba7a6002696a90d4966d8e6bebfde4319c445741f7a9
po_dcp35_s.tga,po_dcp35_m.tga,image comparison and visual review,d7765282993f28af90ea67a666cea902573b65cf17f6d2ce1089e48a7e6aa207,52c64f9c5be33f0734ac774ae48484f0488edaf47dc25831c3db5c25b254ff5a,84c47b602aaca041daaba3c649db3682b29c51cfcf9fc8183ebf25dbebfce02d
po_dcp55_s.tga,po_dcp55_m.tga,image comparison and visual review,6ac3c8e8ddb545285a94dd90292cd614dfb7e82265508feedd6bf6b738b7803e,baaa1a6abce786bd29b3859ea1331b7b0eb75730d5b288184ec71e17191d909e,3d2ac649d8dfc37345f9ca280187a0ed00042cc40fc4ca08a1f645243212c065
po_dcp96_t.tga,po_dcp96_m.tga,visual review of structural asymmetry,d48e98580fa7923ee6ffed5982435142da624e0e3652a4fcc13e12de52f1fa42,87b84bfc99c0432112f4e1297c58cba7073b32a196cfbb3a2f824696434e2d02,9adc2575965f9d802ff0ebcf31202f8a1e12b3f55b555b155394ffc3ca0fe2cc
po_dcurtain003_m.tga,po_dcurtain003_l.tga,image comparison and visual review,868ce65688e0297a80b4e4c7415215944d5d86dd0d6f25cd7c256099aba875b0,c40832f14c8581def5d55d9c5da1c566d7b33c0bde2a4c1fc35cdddc18282536,d54b64a48e728f85bb3e7176d5cd27f0d7b03d2bae80f32dcf4278663b2f0eda
po_dcurtain004_m.tga,po_dcurtain004_l.tga,image comparison and visual review,9a0f6e27a9ec6879ba4e15209239c184a41359660fcbe14405f19af93d6b923e,5c29219de4446441f62d2707688974e0798a261da044d41caf4f743f69ce4d64,61f57ae9f63985b91a97e0e7e747b14ca12fe1dacb24ed11e7082a7cbf956bf2
po_dcurtain005_m.tga,po_dcurtain005_l.tga,image comparison and visual review,e6eba185f73eaf2193cc57344d09820b1dcd36aa625407dfc722bdd29ca7f398,99559436741959eee1ae8b6c81508d8fb702b405c128674e604980117b9f0625,33349cae3f664816e6edab8cdbee049c80d7bc31916b74370892074fa3aed0a7
po_dcurtain006_m.tga,po_dcurtain006_l.tga,image comparison and visual review,14be8e9dbb4ba37d0c981cdb647efba47a029669b670edf7f35989dc97165ed1,59c9e64ccf522bc195bc0e8dd77f666f4c0d5c5d79820176a5a83022d0610259,0cbd45d384b7d893a3046e162d6e0960dfaf696c890c091b360d00db6a5f118f
po_dcurtain020_m.tga,po_dcurtain020_l.tga,image comparison and visual review,2a154890cb7cfc86ed553d9bfbb9654c6bc0a1bb7b6b40e3a9fc1ac1d38cfc07,9270d2b95cf86ad08f08f8efe62e23a7724c9341d045cb20aa24d6a65de06345,8130f8cdddcb726a87787566b211ab61bd119129516ec188ce9e77e33ebf9e70
po_dcurtain024_m.tga,po_dcurtain024_l.tga,image comparison and visual review,cd71111c0de6df3ba37124bd7b7eb0168c718b293fe9b19b1977e0c2737a4a4a,013a9d3c3d9a2652813ca05e9ed7dd4060f1224f9ae4ba3f7a5257b7cf3fadef,5848131abfeedee81f7d3e497472505ed2bd5f6c46746cef552a2e9173695be4
po_dcurtain025_m.tga,po_dcurtain025_l.tga,image comparison and visual review,4004f23a9a5d48a7c538caf5062fba6b396b7d73108da5fbba2591cfb157485e,5d633134cdb1cbee19473a85ac47c386cefb12a54f69f24e887f48b3b2534c0c,4a54ba8d2c892e17e4d67fc4e02cd10ce083225d47e1985c31c3491c38701c00
po_dcurtain051_m.tga,po_dcurtain051_l.tga,image comparison and visual review,ebe22525cd5976d717a924cdb2dbdb5f5150b1d24f976555df50d2f1a232abe8,6db424548636ad6d10923526d368858a4bbd7d5de13e41df96937a17eb31948e,93004791538a2d67b2560f571e910e71119b723bfb411ada279f49d915ba73d1
po_dcurtain056_m.tga,po_dcurtain056_l.tga,image comparison and visual review,9a300a781f470c6f9b3a4db01d27024f2c64200e4358e9abac2d5432df00f72d,0018bf8cb9b8fcdf164bc345c31b027955ad62d86c39c77210eecea5a0114368,f5d7837827727196fbb435a1edb85ae7bc5e1556fc07b10e36199daa61d76846
po_dcurtain057_m.tga,po_dcurtain057_l.tga,image comparison and visual review,82cf2e97e111c35fd51f2b541c90e9b42edad15d820619fb3e626ac00e15e895,125fababac19fdfb220267e71b3801246e497b404377f248272f4b9db00be4c1,25abcf96be869076331852def0b1d0b1c71e3fbf5d00cc5fe76912cc0afc67d8
po_dcurtain058_m.tga,po_dcurtain058_l.tga,image comparison and visual review,f429bb2a8a9471cd0b9397a80d0bc71252af46ba059813a1172de4fae2cf2ed1,870ed63bd85d6481a620d1127793f645fee00e5bdbd650bd22249a262b67819d,08e2a0e5d35aa5c8425f4187868d8092e09116b80931ed1e3af1195a87fb935f
po_dcurtain058_t.tga,po_dcurtain058_l.tga,visual review of structural asymmetry,ae332a525b82ec2083ab98c663ca773a842cd867f13ef87f41dc33255e4b3e83,86d1cc47ff66e6312a64b301fad80ec70cc3ef7b1e965fff10421bab01d104c4,08e2a0e5d35aa5c8425f4187868d8092e09116b80931ed1e3af1195a87fb935f
po_dcurtain060_m.tga,po_dcurtain060_l.tga,image comparison and visual review,d0893d248869bbf42f654d5ab070b4f0474f36994f26de1b0f4f2987aa6bf3f0,22a3a687861ae6eeb04e92cc01e2a990443989ef0fdb097a4932b6260471464c,56ac05eea0796cc254505e1f4ea52c65c4c0b065c8e527f0fcd34126ee5b0046
po_dcurtain061_m.tga,po_dcurtain061_l.tga,image comparison and visual review,341b5923640eda1fba02d4d19f74db76eb56a3375966428392fbf310fdea1c1e,14f012ef480a096edc3cd085cc8cc002da6ebc2819da3c83de1cd877aee9cb34,cb551130b9e4237cff1df6f92f42f4f94921012f4dc8b9da5f8955342d0a655e
po_dcurtain063_m.tga,po_dcurtain063_l.tga,image comparison and visual review,68a74559838fe5926f6370976ee17faadca94d055b3a400ee07ac66dc4962728,ea35309754a28605fd97ef29efb22cce2ab3dfa0a3dc2d1ec19ddca9fc9f44c6,ec4c86170c2ff48c7f693c876cf9b62fba46700955286858b9c2731e9258dea0
po_dcurtain064_m.tga,po_dcurtain064_l.tga,image comparison and visual review,c3ffe7d36c18125126a1c6ba30cd404daf9d1eda7b79bcea4c173e9b60c8ba6f,22198158227102f841a5f5609ca5c6f9e1ab38fbf006ca4fc47d97fe2c160d26,f32cb65572237b4d09d1182cf107fe45adf304133b1589b70d25f31cdbd6fc0a
po_dcurtain066_m.tga,po_dcurtain066_l.tga,image comparison and visual review,527581990fd45777319c268d95c14ea583281ccc5a9e3814d6cecdffd19f74ca,b1b6ede8058188e0f46a7693b42cc6b51ce73ef0daec9a93901a0c031e1a0454,b1fc4e8fb16dcef265af7e23acfe82b36087c1592fd9fef5a0f1bef978dd8269
po_dcurtain067_m.tga,po_dcurtain067_l.tga,image comparison and visual review,666defcb54d36006706f2434987c86c697ff002a324d9bdf9c3f9a4aa9494321,758d8536f519680e3443179863b93da2beffcf86ce99745b2dbd03d514d62f32,35bc18ab8a0b83dd85cbb5e2f77b643d07e72c4b0bec700e3c2f5b767fffd437
po_devilb_m.tga,po_devilb_l.tga,image comparison and visual review,b9fea972b050f61df0ea9e54fc0ac6a9a790adead70f1ebd8f56ad9db92e2bad,87aa872052a1ca8c428d05d1d72358a7da1e46658aa9d1a5d22b8f8333861b85,cae742509a1112449e9b4d2a6b38a1824cd1904c98c8da6e3be1f3738358b720
po_dmvrock2_m.tga,po_dmvrock2_l.tga,image comparison and visual review,3ebc01421f2fc0e83c1c840738b8c621d6e743a876e96d9a7f1b6012b53b44ea,8af2b6dfef2a427da3debea7cd1ae625502b2c838a7cc8dcaec1f40e0efb3e40,2e16f0ce4d8f3ef3a61f228f380c94749780d815208964c5015d80c3299d57ef
po_dmvrock2_s.tga,po_dmvrock2_l.tga,image comparison and visual review,624a00ee4c08f132393205f83c3521cfc69573206262a484051fcd17d23c49be,8e438a19103b9e4d93e69075f61cedf2b5b0499395e8c9fae5e06b1c916f6c6a,2e16f0ce4d8f3ef3a61f228f380c94749780d815208964c5015d80c3299d57ef
po_dplt1b1_s.tga,po_dplt1b1_m.tga,visual review of structural asymmetry,475b49dab5d2f32404b9a2c7f9319165eafcdd7c81ffbab6104871e89415206d,223ff8d48002200680e2ff0dc4f1ea000afe03fc6b37d5059726428011de9405,1012c2965318391c283ec86e070457ff334d624cf0fab2e8ca2421205275a55f
po_dplt1b1_t.tga,po_dplt1b1_m.tga,visual review of structural asymmetry,bee83060ffe9fe6d82f5b412eb0e701b6bab518e2aade01b55ffcd92e46f2fa7,ce63714f2c3a9698b2a8df766a8d9f721735e51b9abe3997e40cb5d1c1eaf0a7,1012c2965318391c283ec86e070457ff334d624cf0fab2e8ca2421205275a55f
po_dplt1b2_s.tga,po_dplt1b2_m.tga,visual review of structural asymmetry,d70c5eb8723458629f0acbdb786292bfe61cc6709267e7269452c0e99470f3fb,8c246f399c7d712d04fc2016a93e068bbfe760bb0ce10b0f02845283ac54a203,61e228641f503e6ed6cb0e331519ad217cf0d713ee287d831e801cc6ff2897aa
po_dplt1b2_t.tga,po_dplt1b2_m.tga,visual review of structural asymmetry,c2171a4984de8f6fcc3395de93678342c1ecc61eddbfb26441c7be380a096a5f,fd9e985d1fc1bd238de8225848b92fe30d561e5f20a0904dadcdda9ce2f1047b,61e228641f503e6ed6cb0e331519ad217cf0d713ee287d831e801cc6ff2897aa
po_dplt1b3_s.tga,po_dplt1b3_m.tga,visual review of structural asymmetry,4fc70e1e96d8b6baf9f854eef40dd1c2fa7f6208b3e8eeb8d8904be616187fac,5c37390d3fbd196ff255b339a0884e5a489436fae094199daafdfd054b196ecc,14982ca998b0a7d18698f55c130037305148b30c45f4c801f0743e7f3c73e223
po_dplt1b3_t.tga,po_dplt1b3_m.tga,visual review of structural asymmetry,7be94d86bde19a5ef27829dcdbf8601727ada1aac4f00791773690927ae87daf,d2b4ada9f97d1eaac6b5ed809d4ecc33fee27cba56f9bf3448ca311f903a0703,14982ca998b0a7d18698f55c130037305148b30c45f4c801f0743e7f3c73e223
po_dplt2b1_s.tga,po_dplt2b1_m.tga,image comparison and visual review,a75baf58c4db3437d54d95f1474861fc790366a19875508eb7383e3fd2404480,a6fff3dedc6f580f2c7e5340ecf2382c10335b7dcad26a70bc4d6e69f5b1cf6d,8b15b4738a0c590c3a5a6864bd962c09cac04bdeaf5b51f35e31e998f7c95ff9
po_dplt2b1_t.tga,po_dplt2b1_m.tga,image comparison and visual review,3f2914f58a25c4090a9467f3eda74fa807d4beb62b8f82df4edc909976d06858,f569500f554dd0d1c0557e4cb0a15ba5ee07c042696397062cef1febe0080d45,8b15b4738a0c590c3a5a6864bd962c09cac04bdeaf5b51f35e31e998f7c95ff9
po_dplt2b2_s.tga,po_dplt2b2_m.tga,visual review of structural asymmetry,4b391867406ca38d1d4352f22db7ea69d530b8c57e0289fd08dade0dca5610e5,c251d13c14a55f79b8c45ed397f321aa93985299d96ecbdfc31dac02103f37e8,46d588fc796d264ff9f0c58717e534f00819d959b18fe545481981ac78eed6a4
po_dplt2b2_t.tga,po_dplt2b2_m.tga,visual review of structural asymmetry,a224c07155df0d6860af0128dd82b4b4bc1ced82237d422d8409277bc0da3e54,410f95b148ec9d12d46f227bafafb3773441512e46c73b1bb3875e97e4fff0b7,46d588fc796d264ff9f0c58717e534f00819d959b18fe545481981ac78eed6a4
po_dplt2b3_s.tga,po_dplt2b3_m.tga,visual review of structural asymmetry,f08a215b4eadf48ab4138881d3e44d10df09f028a39411f7933c2f3bcfaa2cbd,54df745c6a89f62fe1af6b912d116217359535c3bbd2f5c7376e26b3cfc3ec6b,cd4e1abea1cd2a9a5308266087f6acc4113c03325e3d4a26a7a57c646d7847ca
po_dplt2b3_t.tga,po_dplt2b3_m.tga,visual review of structural asymmetry,18d3bb646270162222ece4d81a7df51e06859f4c00713efcf39570d83580e75f,b96d08623ca87b2b60ae3ccee59bcaa3bb7c7e8f45e3889e96b5d7d9fd1ab27a,cd4e1abea1cd2a9a5308266087f6acc4113c03325e3d4a26a7a57c646d7847ca
po_dppru1_s.tga,po_dppru1_m.tga,image comparison and visual review,d49282787f82c4c17f0f04809479255765462d061fc734a6ec779b2db5feea31,ee1072d1398b470e907d3f0e0a5a40d67f7d2cd4a016ec4fdcb52c1fae5d6a5d,3aee9b31b1f983f82cdd55ce4e96fbcdd687f456b35c9e9da805de042db8baec
po_dppru1_t.tga,po_dppru1_m.tga,image comparison and visual review,e0846d0e135571cf66b099a61389469ae0157fd0ce080caeadd6ccba3fd481e8,c824b5d640a9cdba4b61f1c646f7f7ac2d2ca4370637453ae87b617415cfdc33,3aee9b31b1f983f82cdd55ce4e96fbcdd687f456b35c9e9da805de042db8baec
po_dppru2_s.tga,po_dppru2_m.tga,image comparison and visual review,d49fe049aba4c129a8fb26365a641dcccf34297290e92ddb389e91e0aa84b759,7b96105b9ec5c05064709cc262f9f55dc04d83104372f965a43b86552da6f0bc,f2f2d826b0ac3f565555a5818af108a61997fcf9f8ddb4669904f920208794a1
po_dppru2_t.tga,po_dppru2_m.tga,image comparison and visual review,7d7adadd308fcdfc05aedd3acf5e8bb8e4237d6cfebc3118e8137ed9a1bbea4e,29b89eb451069de249f5bfd3f748df24217f7d4cd3af62b241f1b6f4506eb450,f2f2d826b0ac3f565555a5818af108a61997fcf9f8ddb4669904f920208794a1
po_dppru3_s.tga,po_dppru3_m.tga,image comparison and visual review,cce89d10f873053d70a87997e6b4ca67e4d33b34fefbc4f3c0450aa2a98dc611,1f0a37ed84a75f4487318007f5d8739140cecff7e99ce4a0e84edda5d2bc287e,212820e7f7cfdbdfb6ddcf22c9ea3f7fee159a32562a3975048757b558ba5a60
po_dppru3_t.tga,po_dppru3_m.tga,image comparison and visual review,35f4868c34fb030438ab7aea3944e878306a3abb4ef7e80d350474d6f3e1983a,9a069e4e831c1da5ab427d9ebd9217d36c30127ffbb6fd91b1b46809dacfe596,212820e7f7cfdbdfb6ddcf22c9ea3f7fee159a32562a3975048757b558ba5a60
po_dppru4_s.tga,po_dppru4_m.tga,visual review of structural asymmetry,745c74bef03f8b04ab6b788805193d07a8c6cb7aa7a916ddd40a0417c91e1d7d,91a483aa3c1f895bfce9a068e81ee9aab92d06160c6257c6defb9626704deece,a3caf310d971a238d4ff8577c6ca80e820cb7d06bba0e409b07fbfa49644fa60
po_dppru4_t.tga,po_dppru4_m.tga,visual review of structural asymmetry,ddb4d31b7981a217b88f3022e2d9f1359d05e1b6bf1863ad5b901bb4c1c54110,0890adf2189a0140ae03a078e2861c73cb16160a8f6b81d58808f4f35d71f0f1,a3caf310d971a238d4ff8577c6ca80e820cb7d06bba0e409b07fbfa49644fa60
po_dstlb1_s.tga,po_dstlb1_m.tga,visual review of structural asymmetry,5e10ece59ec864412f7b5bca198c92538007505f1f072c9d3e73165b3e3adffa,087a0ad6cf8e62869815b26c957aaaad4792b2bb4f507fe21592fb9ebd5ed407,0b7e0ea41671586211b65b3e6d692c6be321efdaf7ec46e98516032486316539
po_dstlb1_t.tga,po_dstlb1_m.tga,visual review of structural asymmetry,08b99a05d2a41744fe6281dc01b74e8ea244594325c2b985fc779a980fdea718,0cb3e019b4887e19f023636f717595f7494aa5aad0d338b628d9a1f35431a230,0b7e0ea41671586211b65b3e6d692c6be321efdaf7ec46e98516032486316539
po_dstlu2_s.tga,po_dstlu2_m.tga,image comparison and visual review,f289c24bb40d2d4b54e783f3705cf6bf35188d1fc437bb6484954d046f3092fe,359207b0b58f190952f5eb3ad508f966a004c897e5183a5182a64e11d8f3dc4f,538fc01a88d45d8cbfb1ccda8f0f6233d67047c6dbbbdf46756ced3bbf345699
po_dtbl2b1_s.tga,po_dtbl2b1_m.tga,image comparison and visual review,e17f0d1a4da02bda456d853b640f71ff48901ba2b72b0dffa697243abd03ad8c,560600d67c0c4df5af58b19bb2d36381982a38a61c76b396bab5439d14c6cf78,685a5c9f9a7f975755db52454f025f21f4ea9b70e47012fcf5ff8eb5d1009033
po_dtbl2b1_t.tga,po_dtbl2b1_m.tga,image comparison and visual review,12eb7b16531d18de36e41b5a60c748fb50dc93b8f23422b3a34eb2a440a6cd60,016a24d7e80e754525bec7f2fa1065ae6d323adf25cc69abe5def09dddd607d6,685a5c9f9a7f975755db52454f025f21f4ea9b70e47012fcf5ff8eb5d1009033
po_el_f_504_m.tga,po_el_f_504_l.tga,image comparison and visual review,9dbd3d5ee773cbe15ef60de710b84b7be302fbd9cc0aaaa68c1c58b3d3a5e846,d4747ba7934c64aa4614ba795f8f25fc56bc084514a3ed814525df77127b5a1f,2ed27b0afec1370e1b2e8885e716e80f28326fc6adc5cbed7e65de0518db6ce8
po_el_f_505_m.tga,po_el_f_505_l.tga,image comparison and visual review,6f5cc339e9de83263003e689200d6cff8faf326654acae2ec665ae640d6290bc,bc4eca5dae1b1931e284ec7a473c9725b5fa22063b87e1bd03905460a79367ba,0f98b54e024e3fa3f722fc24cb09bef466dc1f4acf4ec66310008536e0fd3a25
po_el_f_507_m.tga,po_el_f_507_l.tga,image comparison and visual review,24da4dd0cd5deca4903ff02232626809a1ed14bb4df1e2615c88ce235c86dc90,cadc6950d612087c976fb53475eb636540312283b42060e3e8f73ffedae4d785,71aebcf3348040a45029280a04334c752b619ef0f096f3b17b6c5d651512477f
po_el_f_510_m.tga,po_el_f_510_l.tga,image comparison and visual review,2b0989405d1dd829488741e5e079117bc8549d1e0270d39a81da4a4a998ee8fb,abb123cd0200756cff9b0ed0fe5b2cc822e757c1d86dc04cfbed409db7a6edc2,dc5a752c7dda911471f2b011ff590aa5d46c1c5a0e8515fae5d3f928eee36cf2
po_el_f_514_m.tga,po_el_f_514_l.tga,image comparison and visual review,77bb0c43bc7ec349284f6aef87ed030b6e9bd4cc4740058141f651b56f842fe1,e104fda1c343b19bf4ecb3f5eb387ebcf4f3a37e2d909c3d2f2e967605b54460,ed13c85e7a7bfec65df8073b7a1c0eab45d3a07db7762f182295b40086be9943
po_el_f_515_m.tga,po_el_f_515_l.tga,image comparison and visual review,bac9372591a89e400662939b5f0aa5df9dd78175009cddde2563a14e61f62b23,fa3b09ac6756b8a8b080a18b2acfe6c8183db22bc968a3d8fcdc8fa7c4f76dad,85ca0f435ba5b9e2358278bebee4eef37de2552e189e4be0c0db4049d1b97ace
po_el_f_517_m.tga,po_el_f_517_l.tga,image comparison and visual review,88e6706dbdd24ffcee63655b12bd80b9f362c24d0cb5707d253f7746bcde9628,dfaab02ca2256bcc795dd8ea7cf7ec39c187e7198111c55e1e40a1fe2a32efe8,6e9765575f8ed4d1d1fd56cd1c441fe4b5bb2f197d2cb0e764273219af314db2
po_el_f_518_m.tga,po_el_f_518_l.tga,image comparison and visual review,9be23a35276e666c6ed81a38a06c5b20fda939f1aecce77a36d2c771791d19e4,b67aed7581adea122ef9074e1ec4242b7b5d7c7b35accbf3347c732e0c793fd6,d7c0cc9171efa7d51ec7d8a06c6e3613e431867c46f7d04cdc73ff5cf97111e1
po_el_f_519_m.tga,po_el_f_519_l.tga,image comparison and visual review,aa87e268092c5d72a62d7f7b871cfc27d1a16acee6e31e0915b8c5e9c6c9c222,216cbc9b67f4766032f9d59cc6975c6691f550d8545d3e723e69020128027110,186d4d8e01d5757db58214db9ce233cb137d64360bf33926b3ba03ed7bab1d0a
po_el_f_519_s.tga,po_el_f_519_l.tga,image comparison and visual review,92790a0d274c9027c7bc137964ae092d99fa4940c452abd24e5ce407e1b8de7f,b35dffed1331c95aa188f075ebd0c7544505e04f39d783bba00bb9196f640c61,186d4d8e01d5757db58214db9ce233cb137d64360bf33926b3ba03ed7bab1d0a
po_el_m_505_m.tga,po_el_m_505_l.tga,image comparison and visual review,df7ed12f8fa13e99f1f2554fad94ed5031728623dd324f02656b16273b0d179e,192e4eadc4dffab30a12db897500db57ea39d18b0fbd7bf227f32727735fc75c,73abe474a2f08d12fd9940a9746d9f61bd60521fea992b0802bc16fd61aec596
po_el_m_505_t.tga,po_el_m_505_l.tga,visual review of structural asymmetry,92af0517efa05f0db43cb4fd5a016d5e6baa198e3081b285a534f42ce7d77e21,c3ec6b8acf2e0130bb114a9d7172aa1119be9395029107188281dccb5f3d9cbe,73abe474a2f08d12fd9940a9746d9f61bd60521fea992b0802bc16fd61aec596
po_flayer2_m.tga,po_flayer2_l.tga,image comparison and visual review,3cb9baa0ff1f54f89d287c8acbd5e8d4b674563fc748063ab04fc5d41eb57b50,205a9ed2b4ef65f080cb1a12500897b101259557314b03697180623416ef26b3,2211e13833244ad05de1a1ac69bac7307cc16add497427b7718837606ea08879
po_fplanetar_m.tga,po_fplanetar_l.tga,image comparison and visual review,d400e905f44635163fd7e80ee9e19bd40f8ef90205eb9253d82cb1691d5a2250,519755f5bde5969a64edd09875ef8a53ef459863086cdc2e960786d576667f62,e738a2df75c5c329bdfc47d664ed4e340a5098718f5658b6bea9f2db003026bd
po_gichair01_m.tga,po_gichair01_l.tga,image comparison and visual review,92f74d3c885b3512e63f48f0a5f2c68e70d68031f607fa6a58c1409b4b59e632,ff27c17112d010ae54b0e04400bfd8df5d6467977a8c7da1fc35c1e32551e2a4,50c09f6d6f838095084dc28c8f13c6afc7616e43e443527ddf04bc83c4c8b55f
po_gicolmn02_m.tga,po_gicolmn02_l.tga,image comparison and visual review,f86bacfaf13bb74a0799892ff3d8653e75c3057d748bc5bf6e17b07b4e45c885,6a946adfb531ca20646ce47d8999f43aa309b71bf26da17817971f1bdc11aaa5,8f3eda0855ae77187cacea829146cc79d40aa088a1cf0722115a504d262497c5
po_gifpot01_m.tga,po_gifpot01_l.tga,image comparison and visual review,79e20f0e7e9b3ced6786161a84a9a53555176df2f1ca85b0aaf9ec63bc6ff390,7bcaede69b856fcaaa323162e2bdf830d39b981616cfbb1929a47f0365e5e4db,aa709d4272aa1c6b7aaf68c47033130b95f4e04abde97a6a0740520352948207
po_gipict08_m.tga,po_gipict08_l.tga,image comparison and visual review,de592fb21b54d22317172166c679076381fe0e39a520baeb32f19dfaf6b1a95d,0da9e63e91f057321fc8e470c96d3b2f0c1fed8c451de50b13d5472348075954,3e4955660a6df9a4e6dc1b0b152af356da3408c1db190fac180ed91fa83cce64
po_giwindow02_m.tga,po_giwindow02_l.tga,image comparison and visual review,bf8bd248fc7a0c3f2a455ebe28ca5a4ab14653f6acf270a56ce105c12ccaeedf,a971ce45617feea3575d81ea4c5139c2d98e747369c6275bb09f2a18c42c3dc6,3737d99a6548ab10f671192d94c1896b4e839e139ab40be86e13b2b406cc1329
po_giwindow04_m.tga,po_giwindow04_l.tga,image comparison and visual review,628afd37394f63eabe51f6201ff5ad05ae0fafff1ddb88446bb124b4a88904f5,01016919b9002d7cca4e062bfd205c696bea6c75d7dfa6b699f4cc433bd2cfb6,032e497690c4b32f4ddc75bcb4f6b73e7d5ccae2730c03c2b0b433ee2ea3ce23
po_glabrezu_m.tga,po_glabrezu_l.tga,image comparison and visual review,b045732a7b4cd13de770db05b999155acceea3663bc6a0202df3f5f1163ec83b,0e4ab7e70c0cd5c8a4d23857e51e05925277c4a0b6d9f65bf0805710768b0ce0,4ab61a7a30ad763bf23c8023464d1adbed0e08bd85436169c778ff1566e90dbf
po_gn_m_502_t.tga,po_gn_m_502_l.tga,visual review of structural asymmetry,a89fe524cb52476b40eedf1bd0a794976903bccfeb22a7d927befbc9285aa76a,1ad6569a589225c5e52b547b00c4934444d8ba1741c8f4a4237671409d0026cf,d89d8b2889a5d2b7e6e01c4f31acfb5a0b68951654d2ffba316e3859c642f680
po_hoodshade_m.tga,po_hoodshade_l.tga,image comparison and visual review,f967ac054b4c4bfa0c0cb6a4dd87fa9a9e754cb8836325ceaefd3e4b9e7f870f,a28bbcffecbe2a5390925a423e1b8c6dc10cf87830c458eb3a21d5f0f30e9a69,6a35c6ab72418f7c4bdb00db4abce4bae3710221f263dccd13b89345e9a42b4b
po_hu_f_503_m.tga,po_hu_f_503_l.tga,image comparison and visual review,3eff61909f38205b69c1d0209400d5006fa0dddc57de7ad13cccdba9d4c58ccd,2b88be3dd6e74f96365f02cd7b9a707c166145663ca5f3e3a93b514507b3acc2,83de81fd5a757b194d9acfd23925faed081adeee189f9fd132608aa57500be7f
po_hu_f_505_m.tga,po_hu_f_505_l.tga,image comparison and visual review,cf7b6600f96a657fa0977d06e7b0949798f3124bbe1fb334809a547d0d163796,7e140ed3239b6d1dbba58434b9b11569ecc2433c478e21b6cb899e0a9e93e188,36fa4fa20ea72b3e06cdb0b51b3726e18e528df0eb89e236b508e844066fd1e5
po_hu_f_510_m.tga,po_hu_f_510_l.tga,image comparison and visual review,f05a7ee693ee1f7bd4ac70e7d18cad74b5bef02d852012fe98fa1c9f46fd858d,e0886a2b6639fc9bd27eef1f9c3acf057eabac3a831c6c1197c0e4329564c4ba,6f80063c361ba6d3d5d41406b7890163acf2ad40f1f7f26107168c9ca9e1e80f
po_hu_f_513_m.tga,po_hu_f_513_l.tga,image comparison and visual review,b07b48d2700cccd476ae652bdde858c1d988799fab698033df502117092859b3,3d938729af2de8875bcb7b2541474295f9b504a855a7b913c677f581b57d7df9,8980a3d305c7200f148968e44660d5320b60de8ffc45064d2afed9ae8ffb2111
po_hu_f_515_m.tga,po_hu_f_515_l.tga,image comparison and visual review,be46f4283622644f8f38e750a7f39350026acf98a4d452dce36b194ab4181c08,f3f69ef6b685febc2dc3b01225747f82b9b231c07c0f9fa4c9709637a42295f6,edef65942c3b1334c6410cac329808ed0206dda2f077efd57435efa20d29de25
po_hu_f_526_m.tga,po_hu_f_526_l.tga,image comparison and visual review,a43349527d97583fbefbc71cc6c5a5b43d300f1de0e994b0e677670c9656dd01,72f053a97c3c859c44b12f5845a12f1dc6381208536e1005c21a26e6fa5c4353,0744ecf201589dc7f99fde738abb7a1adbb89eb44c1fe6aa41b5dfd0e6929823
po_hu_f_m02_m.tga,po_hu_f_m02_l.tga,image comparison and visual review,e2da80633df42e7750677a9f9c38dc738ae9254b39c6d5fcfacfa607b4bd0811,06458991ba30b03a0e148edadaf91ec754abcfdd60c2d3148bc0c70d5211d805,b04a2e9cb1856e1967f437e54ac9800b3e559abfbb70e9a3a4bf2adb26197fe2
po_hu_f_m06_m.tga,po_hu_f_m06_l.tga,image comparison and visual review,78481ebb4e023a19af860f4cee0fff2825915cf3fc3ca1088d79220e9ffca34e,bb0bbcf74ff0ac06a1ffb7b4414773bb3120aa58adf6327f8d0143f825c17aab,683e03385b99276471ba50ac2e63451cff9060797b34e908fafd0e218b1bfb9f
po_hu_f_m09_m.tga,po_hu_f_m09_l.tga,image comparison and visual review,aeed8492f94e5e6793b87d4051ff382377257ce94eab780718f845d34121d6f2,8fa1e66b85a614a9c356029121e651804191a82f5029991ad41580037c614e18,09b19c1295d8ca6af14a6ca618334ad5b3f73a06cfad9e80dc88f2f346b6be4a
po_hu_f_m10_m.tga,po_hu_f_m10_l.tga,image comparison and visual review,521c5c1fb0d179957af7761603df4b429690cb3f66d09c503581c79b77deeff3,6ff7362bf59e42a20c43fcc8d010914d32f85f1733ac24750714f6b4e33ca23e,c1eb2dbef0b0fd8a6c2afa750461c97a3603c06abfa122fb1d64ad801d08f1d3
po_hu_f_m12_m.tga,po_hu_f_m12_l.tga,image comparison and visual review,a315f071e3b582f44af4cb135d2309fb8c260a233ac461fa04015c9230b8bf97,946fb88f5cf8876cf87f413a6d8b5cdb9be4fa807a06cc1d877619559dbd3ab0,26bb4688b8217bf4c4dceaabb0762792cb9b9cc12e5027f3c832b3dd52c2f58e
po_hu_f_m18_m.tga,po_hu_f_m18_l.tga,image comparison and visual review,8116d86f59617f24027fb6a41c4e62cece3ec92e3e502181158dcca17f7783ca,a40951f69a69a00f51eeafdc301f0e89e242999904ec64b4e8bd6314cbed1211,d03d09aaf535183f6aee098fdeb79882343e56d939427878b7cd717bd182201f
po_hu_f_m20_m.tga,po_hu_f_m20_l.tga,image comparison and visual review,172349aa935f2680520e01698f96beb8420d614eac188f2e7aafa83d41ed911b,8ddeac209dad1c4c99570cce43b9d2a9297cc047e629830ef059345fc7b4a225,6370cbb97863c0dddf42f043d00dbede0f4201f2d99162f077285043a31ec6f7
po_hu_f_sf12_m.tga,po_hu_f_sf12_l.tga,image comparison and visual review,0c77745a9872ddc343037570400e435b199a7e386cbcea7e137dc0516f22a6aa,6d2a2240c02378926645eba3d74120be397397c0946936c9c2cecfb24f5739ca,87af9563d4eabd30d2ebca8afa7ed783e11b6c671ca100837ac0cbf767b9f431
po_hu_f_sf15_m.tga,po_hu_f_sf15_l.tga,image comparison and visual review,b2d5b9190693e936f70290c8e05f23f39962d32b972ec0a456cc4bd2a3eae3f8,1be3d771d3a2319d159b4bed83e44803344b93b02f07914f03cc413d39102558,12d271aa0238a4346864bac8284d17941c5a57eb57951672d1ff7c8389a1b054
po_hu_f_sf46_m.tga,po_hu_f_sf46_l.tga,image comparison and visual review,0e9b2640775ba806f4caaa0478d983a3c3adfba14a6d0435de9ddc6126175906,7461439564a31125554680196e6d95c16a57543a8f99e592807d0d173a17ecbc,0de48c2398967a0d740a15ddd0ab808746898e4435e6d97fb01e9cb8caac79a6
po_hu_f_sf68_m.tga,po_hu_f_sf68_l.tga,image comparison and visual review,b80e7710469fd21f98767a3b188dfa9b20b263d92a15bb0b294059f490e6f0c3,3b7053792f190ed6e3e99632c704ac4ee8d1bbada54263960a14cfbffe6a2119,a73792e3f64dabb8d22453a1e8fc3e3c056b151fa8629bb8552e025b4a79deff
po_hu_f_sf72_m.tga,po_hu_f_sf72_l.tga,image comparison and visual review,95b357c3033efd930d0198f737fabf4868878d12aaa69d02da18500707d7b91a,8405308fa05958fe07c46ce5d05dcd7658136b4bc4e68e43924762628fdce960,1f3168ea0691bc50dc224e5f91dab03e73e25bed31e71d77d44e1a6643b86486
po_hu_f_sf86_m.tga,po_hu_f_sf86_l.tga,image comparison and visual review,95ac41d9abd9c51269dac4adc268c2afe24ed5abc17fb4a2ed5bc25a51d80318,6eca775949a0916b39cbb82107cedec85367a487ccb91318c6acc281e244db93,854de73642c6af7a121fe00ab2cc304be213c1257d8e327cce00232789ced7cc
po_hu_f_sf93_m.tga,po_hu_f_sf93_l.tga,image comparison and visual review,69b3179e889a458a5792277ca6c0f69ef0c2cf307b2e88464332a00942238922,9b8d30fa141684c42e4c40601e1da8d577732aec57782692be07bba96a59f8d4,ab4beb21df47cb161e9cf43973092e964572412645201982f684d50ac64262b5
po_hu_f_sf98_m.tga,po_hu_f_sf98_l.tga,image comparison and visual review,04b3b7fa9fcf27227eb6b9658ed9288cc1427a47f040c5fbd4e9154bf8839845,bdd342adeb329a4b1c371ccfb4a9645976f18f352c45d4e91ae2d3bf2cd0c582,9056f34726e877f1bab52b3b1690e543ff568308d8db8e5dc7447953581ad3cb
po_hu_m_503_m.tga,po_hu_m_503_l.tga,image comparison and visual review,dcb1467ed80c944d001dfe9125b92408af2c9de6503af627c71e21d72f1af78f,b8683082d6da8e325dd37e7117bb28b31b68408368e84f343bd170a280152df5,ba8fc9cf004cd853d18e73350cbc0f60609b3a50bd2d7e1886568477d8526129
po_hu_m_505_m.tga,po_hu_m_505_l.tga,image comparison and visual review,1fe6dd8bc0b97884f6fec7cfaae7bf8c0f909b8c2e6198d34346609f2f3fa437,4224d2abc04beb8e839a6e188b5d9a0abb4a9c9a53dc4dac77967e5866035399,ae38bc6a5fbf02f10a332514be74d0c5cc376ff8370814be778dd7274cb66697
po_hu_m_506_m.tga,po_hu_m_506_l.tga,image comparison and visual review,eeedfd3ac9d5e8dc393fb36b9c6a40edd448850e6e7453477e20faa6ae001295,5e37110641db36271ea7be9016cd2dba8940e35170b4a20759127763f20ef65f,d7addad040680e1b86787ca4c105327fdea74b281fe44a4f227e7d72f629cb1f
po_hu_m_507_m.tga,po_hu_m_507_l.tga,image comparison and visual review,67025ad29cbf9a6c7e74457d1270d4e15ddcc18bca518a016e4fc30aedf1a1cb,af42657a0e69cf6aefb6dc0ba1994d02bcc88a7e199428381a54d024733e5c1b,bd90cc25580873219571311826d049d44c39ec989ea18572407f0b32590f1832
po_hu_m_511_m.tga,po_hu_m_511_l.tga,image comparison and visual review,6ca9275a39e3e3d584e88a9dc03a868e600716cd40a69bb41f4e3abd621637a0,43591ea0ef4bde15b8d8a154daa9e0dd67050d2e86dc4f884c85f2fd0b962e87,5c88bd87b906e483e99afbbf1f99cb31e4ab0e0d5df4073473fb885b7817cedb
po_hu_m_511_s.tga,po_hu_m_511_l.tga,image comparison and visual review,5f91c7057f65383197daf6a2630cc9b9b5a16c22fbecb4d8b606dffc28ce1b59,ae275505ad6a3b0bf3edab57f490a9634bba3eeea99db7a9e71c25601c6ee2a6,5c88bd87b906e483e99afbbf1f99cb31e4ab0e0d5df4073473fb885b7817cedb
po_hu_m_517_m.tga,po_hu_m_517_l.tga,image comparison and visual review,1b87825f3080edba0146a1d0901731e6d196b566027e3b234b1261d13675c8aa,6e5030f99f76ac75659743ab14a28ea430790d085107813db97c76f0caa8fe58,4dec6589c136372f1783a50c8264245933a5a720e88f6d20980fd5edd9ecb215
po_hu_m_521_m.tga,po_hu_m_521_l.tga,image comparison and visual review,2be8410dbfe04a1d3acfb998732b2d0932a635261cc677d66ca28237a6f9de98,d464a315021e41202e36a1866567f781f3d5305e3d25cc3c0c31390a7c3f7855,fed33766c3a9271c02f898613399ea27d71a6901040b10ca730dda90f1e1e9fd
po_hu_m_524_m.tga,po_hu_m_524_l.tga,image comparison and visual review,1cc2ed850b179c9b98a934174bad3e8cf57a3f43c114fb9273f3754761625bbf,93017fc1030b2d569ae19f0352b33577c2976ceeaea862bd236567709792cc2e,b5852f198bee11a234707febec16747b5eadaea3dc56d043b6c743d696ffcc58
po_hu_m_525_m.tga,po_hu_m_525_l.tga,image comparison and visual review,6857675f4934b7810956205fc039a8272fb28636a84c610e8eacbb8f8f940ce8,f333479418f0d372a9e8e727e352b53a7fb9aa917f0734ad06ffed15081b0eb6,61167dc807375716e7354016511bf993d30b37e0dc5e87b56998209b83480735
po_hu_m_526_m.tga,po_hu_m_526_l.tga,image comparison and visual review,ec87f6bc0125fc7333d0e4fe6782e68fac4b27b7c4bcf351b9f46f3fef1e5c96,2887c6b83a10bfa57a0cd1b8fc00c6ffbe78fb22da3f6c314901b6332f1a73f5,2606fe77a270ed0412fc966db9b984b1b1051f2e9f53892dcc21aab8b3781d04
po_hu_m_526_s.tga,po_hu_m_526_l.tga,image comparison and visual review,0c7809ee78f46d382199693f93260d974ddb3f09aeb70ee4ea25615ff9ae1cb8,9d0eedb4dc0b3e8b71eeb6122f1bfb2dc8d92fa597e9c2d89d563c3d94f76e24,2606fe77a270ed0412fc966db9b984b1b1051f2e9f53892dcc21aab8b3781d04
po_hu_m_528_m.tga,po_hu_m_528_l.tga,image comparison and visual review,ea492db9eeb2a1227c38582a75670a0f30b98451c6655b201efe66f9f3767d7e,1a6992da62e4ec5d0e2e8bf1bc0776503ac6768824dde94eca8da3d08e18a3b1,705aab3c43c404a176db7991123079f9c34a887dbf91bf9745630e25ee11a59a
po_hu_m_530_m.tga,po_hu_m_530_l.tga,image comparison and visual review,3773bd74bc384d2efca67f7cd49389b20d91e3a46e22e5a704f2ec1f284ca90b,9af6ed10de3c492e9f9d7bc5e17862b9ebd894471ab46f23cbe8e5435c883511,cf85b67a26ebddb10297b3ddcb04c5c836b73678db9acd22c20e7e8add845a5e
po_hu_m_m07_m.tga,po_hu_m_m07_l.tga,image comparison and visual review,66857635fe6ca7d00cf41d615eea7ea116f05f198385d27143a642dceccc2533,2e9052222f8e289f9094e1947c8eb46546f347773072b0a45d684cdf519e6b0c,e8a2c7262474b64ab0efb23092387c18b92172b44c1f19a8cfa9d09d97eb1fd5
po_hu_m_m12_m.tga,po_hu_m_m12_l.tga,image comparison and visual review,0d91009d942b82b794ecc522fa086bae892218d9dc931b60c74283154a4e7f99,2e46e7b0a8cd9d829c74d24d5054c3666428a9210af962900f67c708a9584bad,23c5b17e469206cb32522f4e125c4c6f5946c317ddbea0dc713b5fc13b1c7b97
po_hu_m_m13_m.tga,po_hu_m_m13_l.tga,image comparison and visual review,7c4e1c72ce84dba8fd2cd2195279f710baea825b48d6e4e37d6aa57f88a5df93,6d4a82d99485573cfd2227921b52e126cc125a3a634dad01cd31f94b9496ff93,67f5d5e31ebb5b8894e311ba89a68ddfc46f45dbc79c3ab6bff69f0a0de560b9
po_hu_m_sf53_m.tga,po_hu_m_sf53_l.tga,image comparison and visual review,f2a56534d6aa32818ce0799c1f918fb52b3b4a41676962ffa042805e06221ce3,b0346d916b9bc42a5d72ce487672ebf76d6c5875fc64e1cd51d9930dcc25af06,0d09f5ffd6672ea7ac9565c29f49137bbd006c64d57821fdb7b6ca56dcd21399
po_hu_m_sf86_m.tga,po_hu_m_sf86_l.tga,image comparison and visual review,25b7e6b36b4696f7d7774ab1ab799712d1ef56061825676f6817bba8adc4b88a,c3679ab3e6aa2011ab8ed085106b9f614913e599a93d0165ccd604a6a3e730ab,989e50292b45612894b5712e4fe92ac32df2ec29af6b3df85820f3c6354e3372
po_hu_m_sf86_s.tga,po_hu_m_sf86_l.tga,image comparison and visual review,75e6926010e10d337907b8ca331c2de75edf065a3326041617387b468a91d77e,ff85b3860488714159a1337c2aea37883924761bc9d053ce37016bacebb035a4,989e50292b45612894b5712e4fe92ac32df2ec29af6b3df85820f3c6354e3372
po_hu_m_sf87_m.tga,po_hu_m_sf87_l.tga,image comparison and visual review,c9c0b1fd75005b18e84efbfe50b252d9c86f2c7121943d8078cb31d333d1e955,3b588dc5688f5d0cafccf868b2e9438215bccd7c4ac0b6c6d254e001c0345d61,73ee03fe2298353f22fe789a511167e3cb8829eca266a97595551084c0dffbbe
po_hu_m_sf87_s.tga,po_hu_m_sf87_l.tga,image comparison and visual review,e5e1666c56a823a7e93835a7325d219bc8553a9c3295ab101b91ed1766329f7f,896853ed5fa604a738a552561515da1a74618a72390f93df18e671119a3b7cbb,73ee03fe2298353f22fe789a511167e3cb8829eca266a97595551084c0dffbbe
po_hu_m_sf97_m.tga,po_hu_m_sf97_l.tga,image comparison and visual review,79b29a4e55ed54a8b7beb4ff92cdb6df239a2f03ef5068fc459e5b8b82ac6d37,ad99d350258b9439d303fda8fe72a5a1253c0fdb5bd1749e35a932ed1ce1813a,f470731105b35214e6aad91a1fba8c89487beb973d57d0049fede2fac7eab1c7
po_hu_m_sf97_s.tga,po_hu_m_sf97_l.tga,image comparison and visual review,05a1dada9ddf7fb92e86ec6115795f1f965ed5fb338d12d4ec8d57d6f291613c,89de0958f773442674190c7b5d17531f929ccddb9e4037164023dbb1b74fb0ec,f470731105b35214e6aad91a1fba8c89487beb973d57d0049fede2fac7eab1c7
po_hu_m_sf97_t.tga,po_hu_m_sf97_l.tga,image comparison and visual review,cc99d2217f9a2021a188bc81c60d0359752ec9865f7839ca8f64866c52a8f131,b25a4a02778576e1b42deda8040eb57dbed6c6a6a88057d2bac44a2b4fec0b7f,f470731105b35214e6aad91a1fba8c89487beb973d57d0049fede2fac7eab1c7
po_hvydroid_m.tga,po_hvydroid_l.tga,image comparison and visual review,f734cea09bc87a0c922a61ce6fb307116d3594f1891b07f95dc7d5e1604d4cf1,6487c61a79e3556119ab44919a6abf5f758bb7be82f8df6affae843b3f1777c9,fcc0f428db93e6a49a00eaac2425235137b99e8b1c7a752593a7f74f179d5cc3
po_ironmaid1_s.tga,po_ironmaid1_m.tga,image comparison and visual review,88f306b39991a1b09a453727526cb4f7ff71989e8b09bb1d0043f0b57c5fec4b,ae14c50f4101ed5fe2ec3148161b7e0bce8f02cce7dbdc3ef2a5b4e6328e7aee,fb0942277dfbb9950301374ed9ed5f55715be2d24ea8186ffafdd264695aee8c
po_ironmaid1_t.tga,po_ironmaid1_m.tga,image comparison and visual review,8401e359be1ba64b900f06426f676e8b5afcf8d69b7e8ddd9a09d5e31f526a76,fa2ccfb5367af84e8e37c2c290f7967e7722c2b710bf6543b1a2eeca4ba05df1,fb0942277dfbb9950301374ed9ed5f55715be2d24ea8186ffafdd264695aee8c
po_katnadnsu2_s.tga,po_katnadnsu2_m.tga,image comparison and visual review,f67f87c18ef09a359ae254bcd0d498ae07efb785e66758eea4a805b789cf51de,671595b2dd80edd02ee72c7f9241fdc490b998625a37f43a3e8464a4ab42d20a,4ae5b8218b5e410e083ebcbae044bc5fbae6ecaa061ed1f2b3ed1a598effd048
po_katnadnsu2_t.tga,po_katnadnsu2_m.tga,image comparison and visual review,4920a353ec5e79d0ba0f3b9b1af44725faa063bd338fccb8e8f26931ab623719,d9f4f2b439753a8bd07c2f80c0de6685f320ad8783b3e6a9429d6ef1e73fe500,4ae5b8218b5e410e083ebcbae044bc5fbae6ecaa061ed1f2b3ed1a598effd048
po_leanto2_t.tga,po_leanto2_m.tga,image comparison and visual review,7ad664bcac531a1ac33be3172b1e4a0def984a29ec62e7600dc11498fdda998e,603318896b56eb17144aee00ffff2ee839bee62237ab4f3abbc259cf2a120879,43d98c40f71f3ee8f3b169da044c8e0e44a798a65ae3bc8aeee194fa7d623e82
po_lupinalf_m.tga,po_lupinalf_l.tga,image comparison and visual review,0fade75af592e55e94540f2328f412d36047a77b5304d045b5944b940cb6a42a,43aaf5b10ffcd0eb048c9e31ac8f272e8ac1f573801ce91ac8273ec80d1fb662,b2c2349ef8eb4f089b67e08b6fd38073f9e717c158eb0ec8779e382b59518116
po_lupinalm_m.tga,po_lupinalm_l.tga,image comparison and visual review,c96360e5e303eb0806fe8f3951665b9cf7e2df60176073a3b24d7b0e497a9b7e,56d137a9b80675a516915d054347ea83222ff36770213980db4de4bd440f82a4,6ccad268175ff2472205b4916cfd4442d783e6fef45245b7754ff02385305c72
po_maleficus_m.tga,po_maleficus_l.tga,image comparison and visual review,e2ca5b8e3100666a16290a37fc9262a6e2b158667f933118e1da59f91ce16008,6a419ee704a5917793879ea42954d0ea25b21c15a28084a55e03189d9f9ebd86,5535a557735b2abb43df452e82d3058ca75828c59180b87ccac37f871f434454
po_maleficus_s.tga,po_maleficus_l.tga,image comparison and visual review,a3ab0ac46405300e15b7cc21831ab0abc5e1e745c2a2d3b1435e85ce96df4cd4,5fd4296631cdedcddb13db298680e7637b381ff732f1a116525ba56859d47a89,5535a557735b2abb43df452e82d3058ca75828c59180b87ccac37f871f434454
po_mi_f_m01_m.tga,po_mi_f_m01_l.tga,image comparison and visual review,48a62bc26dfd6439aa30e2997bc343b1e00c33e733eeaabddc567760b2031ee9,cd78d350d24bd9fa000afce361663ddfb6ab494ca1281e818d0396e88c71b868,c9dc527ada6998315d9a45f559a81347ed67b89f7ff0517205ca59b98c5f51a9
po_mm_f_24_m.tga,po_mm_f_24_l.tga,image comparison and visual review,2c691a7ca52829aefdf61abb7f9ceb6b86e4e434e23ce1fdef5be1184ab98702,c67a154e91c464b0c0666d54809c332fdb57c51f3efc3ee6f94c95ce55a9aee2,46233ad9d1a36ea9f43e33fca6b1e38015f8574f7b42feb5e36cd9d38a0561ed
po_mm_f_24_s.tga,po_mm_f_24_l.tga,image comparison and visual review,ce75af954ea47e3900cea94fcaecbbb71cd2e6e6ac807fd36c7324c02b4db578,22e2fcfe78f1cc640853d08f448788e0446f3a1861bc1332e72810f8d233b6bf,46233ad9d1a36ea9f43e33fca6b1e38015f8574f7b42feb5e36cd9d38a0561ed
po_mm_f_27_m.tga,po_mm_f_27_l.tga,image comparison and visual review,0a85f89f3f8dead2b57758d3b0257c84585035f12c79bf577c3daf88909f875c,b2612dbd376eccb12554a995d317733a2d60fea075785fba87132065bfb862a6,d18a2fcdc47bc275d879c2a48ca7d2094923f9dea70381d2e86e81c9ad4f9774
po_mm_f_27_s.tga,po_mm_f_27_l.tga,image comparison and visual review,9fc3d85d0fc2fe9d98757209737870d0940e7d5f03fa47ec99df0038302b32c1,134c643499419f1a3c12af0dc3e4dd3c3b8889c9126668758c7d4e31a662e826,d18a2fcdc47bc275d879c2a48ca7d2094923f9dea70381d2e86e81c9ad4f9774
po_mm_f_31_m.tga,po_mm_f_31_l.tga,image comparison and visual review,19189dff91254f7059d97073a24eda17f3cf1ec49d5d76d6dd8157ecbc0a7aca,fcf8a6227dd44211d1c9be188382629a9beacd2f91bbb0b1c50c687d3b290c8c,90a64c2f14da771b152214a617dbe40ef5daf6fe5bc881e8ead335c6388d4d48
po_mm_f_31_s.tga,po_mm_f_31_l.tga,image comparison and visual review,178cac7047e017e278052b88e0fe665549323e06422f95f1255829bf4d7c4d9d,c11a0b1bb4ee65387c17a947ddf4f45557609e3329118468b7597dbf8176606a,90a64c2f14da771b152214a617dbe40ef5daf6fe5bc881e8ead335c6388d4d48
po_mm_f_32_m.tga,po_mm_f_32_l.tga,image comparison and visual review,a64b9926884c2bd7f02d34cf78e9c8b6931153132553c8af191731e6bc065280,487bcee71fb451b5494d65cee69ef33126affbdb28ce9576130cc515c2b2db18,341b0f6503333dcc7b806c2cb075a1adf89a1567372e4cb62cdc9f0aa244460f
po_mm_f_32_s.tga,po_mm_f_32_l.tga,image comparison and visual review,ada0e9bc457645d15bdfacb0f6393b29f588e77800933088c5d86fc1e4622a53,b4d53c1a8bda6ea43de7e8d7b2e2cf2dad3a40d26dab3c6caeb6abdbf606461c,341b0f6503333dcc7b806c2cb075a1adf89a1567372e4cb62cdc9f0aa244460f
po_mm_f_33_m.tga,po_mm_f_33_l.tga,image comparison and visual review,2142ad7b260a380d80859187fb74d34fd2902609de2c4989b088207093acc743,97b76e39c4bc9ec2c2dfa4dd7426ffc0643ca24f5166b60dc587c3d262ec7ff0,42123d31026d19b90c2b58cdff072c44e00171c3d9797b03dc77f17c7dba7825
po_mm_f_34_m.tga,po_mm_f_34_l.tga,image comparison and visual review,8c37cd32d6d4f3e728b6895c6d3ea48501e42fa48bb911f166974991e7089979,b91273203d4ba6f04150be24d2525127408fac2546247a207c3db24320a6542c,fa25616f05ab05ce53d1077783a6d6cf84b82ad00f497dfdd63fe9d918517437
po_mm_f_35_m.tga,po_mm_f_35_l.tga,image comparison and visual review,df52947c97901f3cc5963d4a891dab2342d02c438f71f86e4972659b079c4017,877366f356d09aeebe191c04d330fe8e996d2a0fd603b21dd5503db7952a8023,55631638a589dd72ff6b0b73406c2872d2957b360e0832f82b967e0c02fdca58
po_mm_f_36_m.tga,po_mm_f_36_l.tga,image comparison and visual review,1762ff7044611de194af8b2227bd507fbd0adf7772ffb3abed35f3ca70b03384,fbca8c0baf9f3fd5695b86dc5f2a6ebda8f39c0c641b443177c8b5975faf65aa,ee2342b8c3e0f4ef6d7ba6cf25b56781f1c34c7b9025fb8eb356dcc4ab52a9b1
po_mm_m_26_m.tga,po_mm_m_26_l.tga,image comparison and visual review,4c69b2cc778e6eb9da4140152bdb8d99733ff565f88563399e2e277d62295006,0c41249086699f4f76946ac2f8604a3be78dc3a52856baa87ea5ea2a7e08f3b5,e364cdfebc5735ef7e63e2b76152fb9acca3a0f2e3ea62cb582cbe7327b10b20
po_mm_m_27_m.tga,po_mm_m_27_l.tga,image comparison and visual review,7b730d04cad650a1dacf997be1072f992840bc79cfb6150f89fea9748c04318f,0335dd3aeb999f2760da2dbe9174b0aa629f841662ecefc426f21f124ed04503,db098609bbd17bbafd9bb6a70ae7830cb3d2b35858c7c71895d24be9b198781d
po_mm_m_27_s.tga,po_mm_m_27_l.tga,image comparison and visual review,339758abf6e43ef880f1879e76fdcd6a9e614ed8ae427f90b508450293cc0582,9ca469d08229495e73b960e8eee3a84b4960872deec300d7b4ff2ec72700ba4e,db098609bbd17bbafd9bb6a70ae7830cb3d2b35858c7c71895d24be9b198781d
po_mm_m_28_m.tga,po_mm_m_28_l.tga,image comparison and visual review,90fcd7a40b00c9c17002c0d14b5bd8af9fe4b5411f5f7ad4c9e863fe410dbe70,971bba53f2c6c2a659e2bd43e837ebf01566090cddd5e6c6a935cb30cde844fa,ecb70e831bb14b482eacba835a3ac3415b7e9fa5091057a6062efa21d2427242
po_mm_m_29_m.tga,po_mm_m_29_l.tga,image comparison and visual review,8ca52dc958e3d48405513df68fe09babb63750353ff3e5ff5c2f025929abf8a1,271e21bbdd0693d3a3f972ea689c7f3dc38e0febd394a4936ced733d5bfd6ce6,4512fbff11cf0dfa782b6301d5a1e97ea04482bed90427ef1b99f2cd761b033d
po_monodrone_m.tga,po_monodrone_l.tga,image comparison and visual review,e6e1bb63ebb87a20f2e5cf998be1176396a4db64ead5918c1de3b9c723c22eb0,3f8560f0f37772663efbc859566d7c764d09ea841fa1fa199f8de1922402520b,f2d1a93bb9267e3f82e8a18cec42ab696fc34b3bf38f609a8cc366f8a765f45d
po_orca_frun_m.tga,po_orca_frun_l.tga,image comparison and visual review,e71a07722be6d38ee7c39b2bf19693ea914239f3041311a8aca51bdebf4a4015,9238af5b68e2b4ea7356d069ccbd8ee080be1fb85114d4026459277a94d6c4a1,90509ad285ccf7c44a972224222d86dffbafd39dc1e110710e8bd267c666bfb5
po_orca_frun_s.tga,po_orca_frun_l.tga,image comparison and visual review,680f4e909343043d9960c0fae5b59c45b82187a4bd07811aa784223702b8db69,c506d8cc451f59e5d3cafa830a5bfb20f3776ee4f34c135e740dfebde2dde6ad,90509ad285ccf7c44a972224222d86dffbafd39dc1e110710e8bd267c666bfb5
po_or_m_506_m.tga,po_or_m_506_l.tga,image comparison and visual review,7c88940c3a268d385a8d30c6e0d1e2434b4f1de2264d2485ba6bc60875ed04b7,0de0d24c96f29d4ff0f9d23872374818236f8b0ed64b791613bcd6d6cf27cdda,6e2de9fc971637c15d17002bb99203a6c34fa8970d6959fce6b3929473781487
po_outsider501_m.tga,po_outsider501_l.tga,image comparison and visual review,00ff083be2c4c00736a976703b2af24bbc2ae9ea9c65f272d291b7729ed75a94,e6b182e16777765a30dde41472db075e0fa19004a69bb95938bf4d7071381f59,ae801aadc8af16f9f1054df54da88bf582248588a27b01da47ee3144811ac057
po_outsider502_m.tga,po_outsider502_l.tga,image comparison and visual review,d7798a24d062aa14c4f2f4d236ddc42876597c44dc5136b0474691c9da11bfc8,dd431ff6b25f9ea1715a64ffb3bab342f60d4c25baf0a8c52865b9bf6f3094a6,9863528aa9313e25c68544cef87df1233b3b5e2eb3484f3e22d1c8f976c377b4
po_plc_apple_s.tga,po_plc_apple_m.tga,image comparison and visual review,76ba66beae38df95f3999307fe64b18a61d0cfe1bbafdbf15b95e005c61cc8fb,edc471d192771460f8351676e91baf47f027cf4b86ea1d8230fbca280b5c09b3,51960f140a1b83a0e86d40542b8cc3852626818f702dd10baf93c0d9d888993d
po_plc_apple_t.tga,po_plc_apple_m.tga,image comparison and visual review,10ac63af8cda3697d04dd9aefbe6b6eaf06be66f73777330fdf71d1fc88e32af,f74d3f8b6cf069a9bec37cb696c9f93d075832652f0824804e31c1dc7be0794c,51960f140a1b83a0e86d40542b8cc3852626818f702dd10baf93c0d9d888993d
po_plc_bluprtl_s.tga,po_plc_bluprtl_m.tga,image comparison and visual review,ea939e7117bc012ca928899af8a1f9a3b9e3a975fded49675a8bbaaa5118cf15,ae98fab6e458e6c40609ecb83e8b2f589199856d0d8ff11a859406138abb5ee9,3a155e95d5772c08d3c151e0d82a7bd8123d0cddbd9b40e74b4d0a13305cbb12
po_plc_bluprtl_t.tga,po_plc_bluprtl_m.tga,image comparison and visual review,a945e75159b896b80069ce973739892a26cbd45b229f34c940c076846213798a,f25ab75ad44fc3ce9e3990edf36ce089d91eb746904326f973de45ca48377d76,3a155e95d5772c08d3c151e0d82a7bd8123d0cddbd9b40e74b4d0a13305cbb12
po_plc_chsstkp_s.tga,po_plc_chsstkp_m.tga,image comparison and visual review,741f61e3b59226091b6b00722d86061764a1b33e67c0e634876fd793db0f4a86,5725c673fe6c738f09026e3c6d1db339fed20d55d1a49fce6a7b2661c665078a,c3efbee435df946b747a1a29ad291bcbb81ab799f212424f0464b47bc5f5a5d2
po_plc_chsstky_s.tga,po_plc_chsstky_m.tga,image comparison and visual review,fda061340ccae9491ba3a6fcbc82efb535f00f87b2b1e2c1a6148b9f1dcfcac9,62417bd310b43275502c06c26078947958499ddea6430d2c4f8da7ce52697c22,0989e5f140641d4df545d66925c980edbde405f062c3de410b2f210df8d505a2
po_plc_dmirror_s.tga,po_plc_dmirror_m.tga,visual review of structural asymmetry,8acb98a100f0960f8a7a692ce13dc472c41ff70babd185e1ba6e67b51e03798e,cee8d487635ed3e203680d2dc54b90cfae7e300ee14088e150b53b785524b5d9,13e1dd7f677a5c8e52b2a44b00f0e6a2cd5d33616cc4691d03026d5d8e4e92f1
po_plc_dmirror_t.tga,po_plc_dmirror_m.tga,visual review of structural asymmetry,e7c5d3c50b24d6e801805b258ba9632a7eaa21add4261e04fd1ef64722db0100,efecbd040cf698dde23f55692971401b0ac8bfbd87a361fca175dd68875833d8,13e1dd7f677a5c8e52b2a44b00f0e6a2cd5d33616cc4691d03026d5d8e4e92f1
po_plc_dschest_s.tga,po_plc_dschest_m.tga,visual review of structural asymmetry,13d80bff8ce8bcb25bf0f365d1acf5f7ac18ccce56e8fc7a4064a140d032d6f2,16d48f2be16e486a9c694c516b339b4dabb774dd35256ccf2ccc08c62e17e128,f82be920bf6ff5d07a7e0c988912382b3de97f54074beae847c7dcd486b9c634
po_plc_dschest_t.tga,po_plc_dschest_m.tga,visual review of structural asymmetry,975ca2dbd4a967c5a73e5dd694e4f2227a6320b2996f3b83fda908efbc8337f1,f9c1b7e31f9c5406098a3659035ee65e75673251247aa1ab1d94b3d0586d71ec,f82be920bf6ff5d07a7e0c988912382b3de97f54074beae847c7dcd486b9c634
po_plc_oubliet_s.tga,po_plc_oubliet_m.tga,image comparison and visual review,ce334876da365f6d83b3a4ec7c7919131fc47edd5ea755abe2ee248dda1f2217,2fd31d3940ad4a90f5b129d548b49901a8324536c9462ca032db052c15fa1ad1,974ebb95fe2119f2ff76a2d9c29daf4c37ded36d8a17b983a666712d96e00ef9
po_plc_stnblok_s.tga,po_plc_stnblok_m.tga,image comparison and visual review,3e6a9573f03d82a07ea368e5cb80380dfa9355b4a7468490857bdceeb49c1728,e30f97076fe918bf7d8cf864ac1e9e8bc8e5a06b87cb2b51e68d1272c37e07ce,674b11c6b8489d3703eeb6d7a706162e5b5b47fe344cfe3f6ea4437e58cf0f36
po_pp_a_m.tga,po_pp_a_l.tga,image comparison and visual review,6ceff1670e88ff4a5b1555ef09f512ec526ec11844099d08686ca4b6c8055b8f,56e2ad5f539327d410eb4a260d057148e958ff1552e6c7ecda0d3e7dd552f7a0,93b360de31f734bd8451ffbcbe5e404bb3740903645b3c02759f9d1ae8609987
po_pp_b_m.tga,po_pp_b_l.tga,image comparison and visual review,bbf9660c341e3c6dd6fdc209a83cc5dde3544ab40695f5d025fa5f7650697273,754b1040e41be94c1b21564ce8671c32f8254d6ad184626f33893bd9c838379d,fc1811247a3f6def96143a21111c8faf159294f93d1b97ef23bc495311e95847
po_pp_c_m.tga,po_pp_c_l.tga,image comparison and visual review,4261a6da7ca6c115f019b1d4622b7b81cb5b460165b91a43171092c8da49a68e,a5ba2de9ada90822eb9b2ee26340c27a6e567f39764967ba4e8840ed8841c0f5,7dbe35d697344351a656cc9cd97f88924496e41bf1b2bbec38d707385a58f03b
po_pp_d_m.tga,po_pp_d_l.tga,image comparison and visual review,cd254d7f6a667cc4b91750e924ca7a66f8e8cde3d8f97732abc2d2a4a5adb3da,763efcc1bd58f0f82e3b57d12669823d094729bdf2f38e0ab1a35f5eb7cd1b86,2a10166ab3b30a8d152f488cc913fe831538680c5671cbcc16c39d8a8bf69bc8
po_pp_e_m.tga,po_pp_e_l.tga,image comparison and visual review,ad7f2aeb64acdcc7aaaaf99fbf08213033bf058f551facbcee79c69ae0ccc40e,7be5c5d467476ecfc1aa257892540ff956fedba86632dcadd155d891f24c8140,5878be68d1a25747c974dbbb6900fd5132ee6fab2b94ee6f7d8b97c0883a7963
po_pp_f_m.tga,po_pp_f_l.tga,image comparison and visual review,91efac24d8b04e4d5240d45988a2b9cf7b632d2655343ba8023902e01fd9e850,a74d775ef84f45025c7640a379c694cdc3d9ff7f34512b853c2aef2ea1ccd41e,21417b8f06fdaa2bcad821dc394d4f796cd41f6f891f292384c65d9145916b58
po_pp_g_m.tga,po_pp_g_l.tga,image comparison and visual review,edc25bac3d81201fc3004099f5a03375166b812722059b62452cb505e0cef04f,16e6b85ff2f00055aa087803c901ff9be3062bf92b72768f3886de1c291a54ca,29d59c442cc5803a562e9755a30829260b1506d4c46cd6676dc1de710510a183
po_pp_h_m.tga,po_pp_h_l.tga,image comparison and visual review,7c86e74df6a898cb83615630ee112b39ac8ef400ab25b207951c97460cfa96e0,358f6aa90caed7b0e58b7ff3f66243835d60931caab60176b4b0964441584eba,a265057453708f09b3e2ecd0d8ef522d62a03dc88145ee4a9978837ef27b33dc
po_pp_i_m.tga,po_pp_i_l.tga,image comparison and visual review,4b0772ae1be1e12303add062d7fabe8c099339578ebc4ebf222a4491c68b7811,5739615b5b5aa04baba267d03e7ff646253b0ffd8ab9876180f515539ca5843a,b406b0024a336afbaca8ae6bcbe8cd6672c1bd7a51763aec286dcb38fb161c7c
po_pp_j_m.tga,po_pp_j_l.tga,image comparison and visual review,8d001a83ae26ebd70b41c10928043ae1972ecd8352617c59c5f967fd6a6afefb,5b1fbaabe25d521b396a5e25e67a9d01945ac87316404be470316dcbea2d9040,be0e5b481e69dfde1c55a7a223d0c9a1722e3c4d02d05a271cf02c6414a0a286
po_pp_k_m.tga,po_pp_k_l.tga,image comparison and visual review,ebda1055c3fbf8d9793fee1944ccb2938585413badf5beb94c9cf1f0ec9440cd,5256162b7a2aaedc3e64a245d89428997c7ef2859b1f2545de145dd27086a6f3,43b7e50f875f218d85559bf0e4befd36b8d1b59085b5dc0848a0b3c8e8ba9ad8
po_pp_l_m.tga,po_pp_l_l.tga,image comparison and visual review,43a0e77391aa101b959f1303fcd8f52b500f4dbd938877010efb462488474ffd,d7b100935e5605e8bbaed3d508cf95aecbbcfcb4d0411c9acf78cd5433ec7f3a,2cdf8fc855595ce1d1ce26883350c6055b6067e4e7d075b6b9a583dfea3bc633
po_pp_m_m.tga,po_pp_m_l.tga,image comparison and visual review,e26ed6970d352810ef89379a9c76a842b98735e98977b5a926ab604088a4b0a8,c733a12a9e18b83d364f584b9bed58b047bf72ffed42b056b5bf14007c21cd4e,0bdcc294ce0114475c8a38bfd426ee813d986fab23d42615694cb4457f1d02a8
po_pp_n_m.tga,po_pp_n_l.tga,image comparison and visual review,eb5e5c41f0b398508af098e23c027f7cf3e0dafc9d82f8552526f69c0cb0865d,4907ef2b415634af6b5f4d2ba0db27eca15dfad70852e329f17ff46a82f21ae8,6262d704ba30a3b49aafcf90c35f0b3ebde245c28791357562fd09a9f2d20165
po_pp_o_m.tga,po_pp_o_l.tga,image comparison and visual review,6ba54f4c98e37262011d22d14b69566238cce4b6690ecc01013fb886826999e4,1436a08fbeb1e567830cde1c018f2178126e6f9e3f83680caeb92777895568f8,4af317d80c4864c23516e5cdfdaac4143650929ecac54d6c54a2df6fbb2d5888
po_pp_p_m.tga,po_pp_p_l.tga,image comparison and visual review,694043f2585cbce5cf1b96d631e3755680cc7352f72eaa94097c094da6a0c4d2,57b6bb9e577404085f80473aa5f6f042557bf17906261cb143ced65db4c114d0,7a648365baad0e4d501c2008fb1a873c845c90b589c23f8fd8cbc558235cf598
po_pp_q_m.tga,po_pp_q_l.tga,image comparison and visual review,775a88fda7cd1b91cd3ff2bf1749289307fcf93e9e7db6d59b52fcf37eae9782,f7ef9ef9798d6f5e1fb29b8d9454459b5351486ecc9a1888405bd89e9bb23396,bbf63b36c376d572fe494bb552d3cedcfb97eada678baef733cd89fcc2ea7c94
po_pp_r_m.tga,po_pp_r_l.tga,image comparison and visual review,16257c57c1ddffd35cc4dfd95d359462d75c3c1cfec9f5e6c91babb7c0001e57,3aba541cac56cde3b1c367155a9ac33cff7e058f805d61b3e4f1d4fc226521d4,d9ee15fe3f79d81d43fa548303ccf967d932d0192a82cf1d450982e489638104
po_pp_s_m.tga,po_pp_s_l.tga,image comparison and visual review,651166bbb708565b782a74f0d7d88b6101c0049d23d2792d5e33302f6538bc7e,45e73d8b4ac97680c19d16b6603c7d8435bcd580784ab90d720227b5678fbe89,5dc41b66a16e16b072aa76239e7cf0210a16421f24f9fc95a1c1e9616b590e8a
po_pp_t_m.tga,po_pp_t_l.tga,image comparison and visual review,a6351657f16ff655436ad5a724131882f1d7b62b996a33bf41716fa4ce976c37,7e55c68e6e2f945e928e65c39fb894fe95e45aef050f63ee67759453c1b86004,1fb8d9e325b179617dca28cf73389169c974018d6fd9de6e27443c26006dc871
po_pp_u_m.tga,po_pp_u_l.tga,image comparison and visual review,0a3fb228ec20414af58d05cf620c7361949e9eab1005f272541ad184d7e4cb10,856ffbe238c2d36b088632f7ac27c27206a74b77c92a8fec1fea34135eac611a,a510101989f873fbf7807feeedfc1bf8e7ef1b854fad7577064fbc480282111c
po_pp_v_m.tga,po_pp_v_l.tga,image comparison and visual review,9b4630557b2704a2c2e7f01c686c50948dec0f844680b7016f95559950ff1a60,410ea387f1d79c48768ff2dfe21119f91baebe12ad48fd997a2df1597c17072b,90903eb51c8b7876e9bbd1afbfd397be6d2986d4dd88cbf93b46f637720a4d53
po_pp_w_m.tga,po_pp_w_l.tga,image comparison and visual review,c32f9341b97b7576ee8a263ab2512216e5bf8a1c0b1c34dd4d88c5d16524055f,efc5c208ed61b4082c4bac723a443283f31c44d7ae20be52df7fb721021c2b04,64e777b9927c374d54dfd4172c57a0982be1ed1d376db04c8be00a9f8902045d
po_pp_x_m.tga,po_pp_x_l.tga,image comparison and visual review,9441a6fd0c1129083831092ffd49d892edd2199a87b5c2a350035f1f58021368,6aa7b5d281e6e251451494738e6b3fe9bbd1e808a985f6e5aafaae8267364337,fd636119b27aafa98572709462ec54d48ec387cb97207d032f09078c208b9083
po_pp_z_m.tga,po_pp_z_l.tga,image comparison and visual review,af7a3d9eccad49f2378b209fc94052cb34d6c4d4d766dab03bf59bd9b1e87f4b,aea3de603b0b6d7f0f361f5cfc56c0ed3a88419cc31c2bbe03f004f95bc42f87,455a4ae46b8553ba149295c922e7ac276949e7866c8c363a278992187406d4bb
po_raven_m.tga,po_raven_l.tga,image comparison and visual review,e9c94375f9f2434b3d30cbba50434da08db02e7857939a72d8e7cc84f643d72a,4226d7b6b0775250e3a87bb8752373eaa688dcab553a82086138cbca3f16a7d9,ad7cc46b47cf0a446f00540aedb38d786dedab4abf605951e6260dc9c1d3f4b9
po_rodF9_L.tga,po_rodF9_L.tga,different artwork; match canonical facing,e45f23aa9fdf378a3a91b02dabd2f948ac3eced40edcf2af59d7abe52344e732,5741774e43e5fd064fb8634838ecb87a07257214cd776a0db166614904b509fd,5741774e43e5fd064fb8634838ecb87a07257214cd776a0db166614904b509fd
po_rodF9_M.tga,po_rodF9_L.tga,different artwork; match canonical facing,7576be4f37d575b347ec9d6efe9dd95e2a56a8fecbe81e08103b10857b67ee59,0edfdfa0575be10dd968a55f44b866842cfe1553be43d70d2f75641d491e5ddc,5741774e43e5fd064fb8634838ecb87a07257214cd776a0db166614904b509fd
po_rodF9_S.tga,po_rodF9_L.tga,different artwork; match canonical facing,41b37cc512b2cef1d2a95f4439d1af40cd7446a06130a202bfd6c8d77b40cea1,6dc3bc7656c39e99d7261dfe0bca84a4316329d04069160d9183489e3f3c8121,5741774e43e5fd064fb8634838ecb87a07257214cd776a0db166614904b509fd
po_rodf9_T.tga,po_rodF9_L.tga,different artwork; match canonical facing,04de5877ab467e0aa0cc3c50c2b8dccad3619215f0df157f9e8b31fce0622bc7,2fe0ee31ea1f53de389857067aab2b7db5cc83a9b5e96483b30a126051db3467,5741774e43e5fd064fb8634838ecb87a07257214cd776a0db166614904b509fd
po_skeldoll_m.tga,po_skeldoll_l.tga,image comparison and visual review,2528d6867029dbf032afb9194e03d7718abe046b3d248d7e8fd6ad722a149243,cc37100377dd88bf1d322dd8052a0b6152fa2d9c5ef4a63ac217ccc0a6b05f19,e30f4a33dcf316f7c0a2ff348590397a96ddc3df500c50b088ee5ae6c50046a9
po_skelogr_m.tga,po_skelogr_l.tga,image comparison and visual review,c0046cf4084d61e81174849c63dab22e91db0b661f8c58dcb65de2e72f9995ea,a7976e2072c7d8d961a2e3d81f7ecdce59f41dd38fd2146f1789298caaadd083,60d7669a998c0b3e0bec8dacb8b0948716c889e2aeb0b314e10a0f6e695277b1
po_skelpr2_m.tga,po_skelpr2_l.tga,image comparison and visual review,80e6c5d2871ea26cab780f061b090fdfa19257b8cdc753e98c887e21da175547,7930c20dbb9b8d7d28d0f3c957b9a6e91dbca822f564a3e97260084ad9c59f8c,407623318bfaefd48fb0fbe859250a29300c46bf44a8abf54f9e8d7ef60fce3f
po_stat_crane1_s.tga,po_stat_crane1_m.tga,image comparison and visual review,45ef13ae561e2a84e276cbb97d9b295018f072a2336d8072da32dd1b3d018ccf,b466ae3481070e43b8736bac4fb6618193598879f6cf67b0e5d7e16b4c317ee0,244ac3ab570e7bbb4f66b66448ee1a06525a2209fcf912203895a2ce3eea6dd1
po_stat_crane1_t.tga,po_stat_crane1_m.tga,image comparison and visual review,9dff234228638c728711174d4f287582a5d3d87521e3e98d164068bb6dd2cca4,1cfef22747c1dc24671fafc8dc4d85c9e2884bc579b07182c396ae31fae0b2ae,244ac3ab570e7bbb4f66b66448ee1a06525a2209fcf912203895a2ce3eea6dd1
po_stat_skull1_s.tga,po_stat_skull1_m.tga,image comparison and visual review,45ef13ae561e2a84e276cbb97d9b295018f072a2336d8072da32dd1b3d018ccf,b466ae3481070e43b8736bac4fb6618193598879f6cf67b0e5d7e16b4c317ee0,244ac3ab570e7bbb4f66b66448ee1a06525a2209fcf912203895a2ce3eea6dd1
po_stat_skull1_t.tga,po_stat_skull1_m.tga,image comparison and visual review,9dff234228638c728711174d4f287582a5d3d87521e3e98d164068bb6dd2cca4,1cfef22747c1dc24671fafc8dc4d85c9e2884bc579b07182c396ae31fae0b2ae,244ac3ab570e7bbb4f66b66448ee1a06525a2209fcf912203895a2ce3eea6dd1
po_stat_sorc_s.tga,po_stat_sorc_m.tga,image comparison and visual review,06303e086f1a3dc86b6bed87ccdd49b728ff77ef005500292e505446a06fdbfe,41c326465ddeaa2ec4885a3fe1ece3439feda2083c81f63aeca7ef358d87c0ad,c6a4bf42d9c47400e6d77c6926225667d3c8a3dad96e20966989922692bde0f8
po_stat_sorc_t.tga,po_stat_sorc_m.tga,image comparison and visual review,f8e38f0023e97f331bbdc156b97164c87639bec5ac689b2a6e043b80853782a2,20c71f2b91eb46b88f02c906faa9ce1a8bafa37b08f73eed28a8d01499b5852c,c6a4bf42d9c47400e6d77c6926225667d3c8a3dad96e20966989922692bde0f8
po_stool001_s.tga,po_stool001_m.tga,image comparison and visual review,5ab717e66b8077343b0f7b2783ef19f8eb7a2c1c86e1031a718a598d66260f0d,657671e659254e8f3bf12ab1dc87e2d9c56157f5d115b14f52ce50324ed17ce0,07fa534dd4008ce0b121b9a74574f44e37fd72476ac0d57c7a10ba0895cb1394
po_stool001_t.tga,po_stool001_m.tga,image comparison and visual review,aa4be9643c3aa0e14c7276e237e5916781245697ddfc48a251bb42710e1989d7,44e97dc8f091ebdad3e1049bf88cc1c7dd506499378154c5efae661489615709,07fa534dd4008ce0b121b9a74574f44e37fd72476ac0d57c7a10ba0895cb1394
po_swall001_s.tga,po_swall001_m.tga,image comparison and visual review,51c56080027c99329e19786307a8cb688a57b77f2504b50f28ca551646c8f1b0,a3e63258394e2bc14000535ec5ef9381233ce63b33966555d2b36aa0e1a151e3,e6ac9321902a77e201e96263c074659e0847f15c697b42003ee3e1c0f34db0ac
po_swall001_t.tga,po_swall001_m.tga,image comparison and visual review,f3563b2c18b1c132ff87d8611a7f2148690fe19a42fce03a036db39d74554aad,5a30fd4ac677d944e86f81febb3177eebe693a57ff398cdf08d4ec3300ca3e05,e6ac9321902a77e201e96263c074659e0847f15c697b42003ee3e1c0f34db0ac
po_tansu001_s.tga,po_tansu001_m.tga,image comparison and visual review,264d4cf34cc55b7f9ccf9141f255976ea446f4f51eda7ef4c2e8a4582a2397bb,23a0f326d4eac8af405932f4fa68bbaacfb514035c890ef16b4de1fc8cd58e5d,0a101260d8d44535dc1253f3ba8e79df328c71117b2a733e841399b41ed7a5c2
po_tansu001_t.tga,po_tansu001_m.tga,image comparison and visual review,1326f549b9ec9a79dcd2c7af62bd2c6562fd7e962d1c4e752fa4363d763108eb,c03fa1477d51c77b654c33a2279036f32c1f029ff04ce94415a99ba5d8e388e6,0a101260d8d44535dc1253f3ba8e79df328c71117b2a733e841399b41ed7a5c2
po_tieflingf_m.tga,po_tieflingf_l.tga,image comparison and visual review,86025ffe5c198ad0d4b156f8cb278ac487d7a3f1d34a435907209654b4d80fd0,0f164b88d0b7540156a758bfb47e0144c471e9823201116e608f3ecf2dfac90e,90820b1b1eca4175145090c047a657332a386f3cf840e3cc7e66febdbe6ce322
po_trolloca_m.tga,po_trolloca_l.tga,image comparison and visual review,325850a9033fadb7f45024e954f2497b82b468c9f7b451599365ce3e1e32a8ab,ad05ceba8ac2aca0fe9687ce33aa08281f73dc14b5f8fa8357efba5e562ea777,3d4cbb9d39f573b1ae758060626520555ce2e0a215431b4f2d862640683726b0
po_trollocb_m.tga,po_trollocb_l.tga,image comparison and visual review,3383112cf17c9c18332ad60a5a548d15c47d3fcdbb055b7291a9a858c94ea2bd,4a4cb159982dfbdb047f18e55eeb648ca4c8b6e5805677dbe91b5087aa897b3a,2234e0772889452d2a20be8a514ba62e5d2b534ce6577cbbc79643e9a192f44e
po_trollocc_m.tga,po_trollocc_l.tga,image comparison and visual review,becf8fe00d5771a64bd27e8e45e75b02cf3b21f4f8e7ecaa102404ceb48f7799,11138e78176776065aa44bda83bd50c463e5d73d7f1886a16b5cad0937b81af5,3ad39fdb8824828420f06b889a8ccfc0c7f843289905c0b3ec6fa200839a7151
po_trollocc_s.tga,po_trollocc_l.tga,image comparison and visual review,414c444bc8e0cd548d171c730bb730708b75971ef5fa04dbd9c3b628da60438c,a452e8f768bb4048e01b3df6e054d6efdda12b3a94002f3d9ca7f8af668d3c2b,3ad39fdb8824828420f06b889a8ccfc0c7f843289905c0b3ec6fa200839a7151
po_wm_f_04_m.tga,po_wm_f_04_l.tga,image comparison and visual review,1af19abca4b6fc19d9557855a3c3397313832c7282ed42221fbf1551ea4716e5,3ed7f21c9c6d6632f23edd47b65dd6a52dd6e33e2dff62a4cf0fff0e7a685142,177c439d7aaf8d525c363d6a624eafcf2387fa84d77dd046ffe0874fe3b0e3f0
po_wm_f_04_s.tga,po_wm_f_04_l.tga,image comparison and visual review,6a2c1c9aabea2b0625e6e81c9fbc6075da5ec7cb79e07d7addffed276ac6778a,f182254e2c254bac097b3c6badb53eee88e0a5d0e39d02c36b57d4f347188088,177c439d7aaf8d525c363d6a624eafcf2387fa84d77dd046ffe0874fe3b0e3f0
po_wm_m_01_m.tga,po_wm_m_01_l.tga,image comparison and visual review,aef8391983fced1c367f799017e1e46365829901107b8e1bce20a0caa36dd89c,98a15d885ca4aaec9ec8e8932af708ca05b2f5677bb8f17d4b1881af6e0f1bfe,f04b73dac6973f9aca07cadc49200fcae40b1493bc928343c94837c16697e58e
po_wm_m_01_s.tga,po_wm_m_01_l.tga,image comparison and visual review,e9b178deff7826b787379049e42caf5a5f05e5caf5909ed87a68b108459be0ba,d879704b610ab1d992b06a4ce6cf329d62e6cf5e7f86a8fa2fde3a49829849b8,f04b73dac6973f9aca07cadc49200fcae40b1493bc928343c94837c16697e58e
po_zerinyes2_m.tga,po_zerinyes2_l.tga,image comparison and visual review,d8aef8c71675eaf384d8a87d7da5739a8269d2527fb83451f467d6d6818375c8,774acae841f615fd9dde4bcdfdf1edd39226a38a37bb9fc497196cbc1d6f7e34,737715183245e8ad3b55bd00684426cb02c19106438e20237274a8a64c03fd99
po_zerinyes2_s.tga,po_zerinyes2_l.tga,image comparison and visual review,20941eec2fe448688694b88b0484b163714f043b48847e3b6bb424752dd2fea6,77d212c52e825a1f24fe4f8f13ebe7499532d57e888e491d189e371b940ca920,737715183245e8ad3b55bd00684426cb02c19106438e20237274a8a64c03fd99
po_zerinyes3_m.tga,po_zerinyes3_l.tga,image comparison and visual review,c5d5a9243c7d052a659478f204149e1bb53b8a659d3c374995cbd360caca77f7,4ae813ade305d722671ff31ae63bfff16ae1141e4d58c8e2ea19d67652570cb1,4591e719f007177e84dbc7256339036ca0c908f61ab70954dceb4ef09bd1d23f
po_zfldrag_go_m.tga,po_zfldrag_go_l.tga,image comparison and visual review,9ae38c448b1cb2baa6af0c52172ad1e7b79c140d5a6de8ccf124e949ca32b675,d55289252e435e45360de042d1b5654fb18296420801c1a7ef5e1b64072d368f,98c93737bb61238ebdd5b27eeb3f381eaa5065184fbbd5e83cb83432dfd6f70b
po_zfldrag_s_m.tga,po_zfldrag_s_l.tga,image comparison and visual review,03f20897a023bdcede92042533f034c546be86e66af8456fd2f8d389304c8762,953d4bf81abd047b52462821f4f750c4886e96f0bcebd0ea48109c42fe088fb5,9bdd7187aa2e5554c66e0893703dac8ff11427d2ccb19fab494ac61537a484e5
po_zflerinyes_m.tga,po_zflerinyes_l.tga,image comparison and visual review,c5d5a9243c7d052a659478f204149e1bb53b8a659d3c374995cbd360caca77f7,4ae813ade305d722671ff31ae63bfff16ae1141e4d58c8e2ea19d67652570cb1,4591e719f007177e84dbc7256339036ca0c908f61ab70954dceb4ef09bd1d23f
po_zombpr2_m.tga,po_zombpr2_l.tga,image comparison and visual review,13b7aa380173c095f754455330e56bb879623595ef2aa6144be08803b1299fd0,970e22b32b0ce1ab9a5ab2ee1f44816ac9cc67bf16af7bf0eb2daafc869fe8bc,9e397d777e00902a9357d25fe94fd8caf8fa0676bb583b57f783544ab0167397
po_zombpr2_s.tga,po_zombpr2_l.tga,image comparison and visual review,abc839cee05ef79aa433a19e71ae61c43aea91a9e09783a38eecdd7911ac641e,de698f20eed5d1c1052917045331d747a40d2e40d661e6efac72c8136b5e3882,9e397d777e00902a9357d25fe94fd8caf8fa0676bb583b57f783544ab0167397
